1746517898;06.05.2025 7:51;0;10;0;0;28,6;0;0;174;-1,1;-0,1;174;-1,1;-0,1;0;0;0;0;0;0;0;0;0;0;0;0;0;0;0;0;0;0;17;238;255;255;4;2;0;0;179;1;0;0;4;0;254;255;5;1;0;0;0;0;0;0;0;0;0;0;0;0;255;255;254;255;3;0;0x09
1746517918;06.05.2025 7:51;0;10;0;0;28,6;0;0;174;-1,1;0,1;174;-1,1;0,1;0;0;0;0;0;0;0;0;0;0;0;0;0;0;0;0;0;0;15;238;255;255;5;2;0;0;180;1;0;0;3;0;255;255;5;1;0;0;0;0;0;0;0;0;0;0;0;0;255;255;254;255;3;0;0x09
1746517938;06.05.2025 7:52;0;10;0;0;28,6;0;0;176;-1,2;0,1;176;-1,2;0,1;0;0;0;0;0;0;0;0;0;0;0;0;0;0;0;0;0;0;16;238;255;255;63;1;0;0;110;1;0;0;5;0;3;0;9;1;0;0;0;0;0;0;0;0;0;0;0;0;255;255;254;255;3;0;0x09
1746517944;06.05.2025 7:52;0;10;0;0;28,6;0;0;176;-1;0,2;176;-1;0,2;0;0;0;0;0;0;0;0;0;0;0;0;0;0;0;0;0;0;11;238;255;255;63;1;0;0;123;1;0;0;7;0;1;0;8;1;0;0;0;0;0;0;0;0;0;0;0;0;255;255;254;255;3;0;0x09
1746517954;06.05.2025 7:52;0;10;0;0;28,6;0;0;171;-1;0,5;171;-1;0,5;0;0;0;0;0;0;0;0;0;0;0;0;0;0;0;0;0;0;54;236;255;255;57;3;0;0;113;1;0;0;2;0;3;0;12;1;0;0;0;0;0;0;0;0;0;0;0;0;255;255;254;255;3;0;0x09
1746517974;06.05.2025 7:52;0;10;0;0;28,6;0;0;166;-1;0;166;-1;0;0;0;0;0;0;0;0;0;0;0;0;0;0;0;0;0;0;0;15;237;255;255;163;4;0;0;221;0;0;0;6;0;4;0;9;1;0;0;0;0;0;0;0;0;0;0;0;0;255;255;254;255;3;0;0x09
1746517994;06.05.2025 7:53;0;10;0;0;28,6;0;0;167;-1,2;0,1;167;-1,2;0,1;0;0;0;0;0;0;0;0;0;0;0;0;0;0;0;0;0;0;8;237;255;255;141;4;0;0;245;0;0;0;6;0;2;0;9;1;0;0;0;0;0;0;0;0;0;0;0;0;255;255;254;255;3;0;0x09
1746518014;06.05.2025 7:53;0;10;0;0;28,6;0;0;168;-1,3;0,1;168;-1,3;0,1;0;0;0;0;0;0;0;0;0;0;0;0;0;0;0;0;0;0;37;237;255;255;43;4;0;0;160;0;0;0;7;0;2;0;7;1;0;0;0;0;0;0;0;0;0;0;0;0;255;255;254;255;3;0;0x09
1746518035;06.05.2025 7:53;0;10;0;0;28,6;0;0;151;-1,1;-0,2;151;-1,1;-0,2;0;0;0;0;0;0;0;0;0;0;0;0;0;0;0;0;0;0;57;243;255;255;27;7;0;0;103;7;0;0;6;0;1;0;9;1;0;0;0;0;0;0;0;0;0;0;0;0;255;255;254;255;3;0;0x09
1746518055;06.05.2025 7:54;0;10;0;0;28,6;0;0;151;-1,2;0;151;-1,2;0;0;0;0;0;0;0;0;0;0;0;0;0;0;0;0;0;0;0;68;243;255;255;9;7;0;0;104;7;0;0;4;0;254;255;4;1;0;0;0;0;0;0;0;0;0;0;0;0;255;255;254;255;3;0;0x09
1746518075;06.05.2025 7:54;0;10;0;0;28,6;0;0;149;-1;0,1;149;-1;0,1;0;0;0;0;0;0;0;0;0;0;0;0;0;0;0;0;0;0;191;243;255;255;101;7;0;0;186;7;0;0;2;0;253;255;6;1;0;0;0;0;0;0;0;0;0;0;0;0;255;255;254;255;3;0;0x09
1746518095;06.05.2025 7:54;0;10;0;0;28,6;0;0;153;-1,1;-1,1;153;-1,1;-1,1;0;0;0;0;0;0;0;0;0;0;0;0;0;0;0;0;0;0;151;242;255;255;174;6;0;0;137;6;0;0;7;0;254;255;8;1;0;0;0;0;0;0;0;0;0;0;0;0;255;255;254;255;3;0;0x09
1746518115;06.05.2025 7:55;0;10;0;0;28,6;0;0;153;-1,3;-1;153;-1,3;-1;0;0;0;0;0;0;0;0;0;0;0;0;0;0;0;0;0;0;151;242;255;255;176;6;0;0;131;6;0;0;3;0;250;255;7;1;0;0;0;0;0;0;0;0;0;0;0;0;255;255;254;255;3;0;0x09
1746518135;06.05.2025 7:55;0;10;0;0;28,6;0;0;153;-1,3;-0,7;153;-1,3;-0,7;0;0;0;0;0;0;0;0;0;0;0;0;0;0;0;0;0;0;153;242;255;255;175;6;0;0;125;6;0;0;3;0;250;255;5;1;0;0;0;0;0;0;0;0;0;0;0;0;255;255;254;255;3;0;0x09
1746518155;06.05.2025 7:55;0;10;0;0;28,6;0;0;153;-1,1;-1;153;-1,1;-1;0;0;0;0;0;0;0;0;0;0;0;0;0;0;0;0;0;0;151;242;255;255;177;6;0;0;133;6;0;0;4;0;250;255;5;1;0;0;0;0;0;0;0;0;0;0;0;0;255;255;254;255;3;0;0x09
1746518175;06.05.2025 7:56;0;10;0;0;28,6;0;0;153;-1,1;-0,9;153;-1,1;-0,9;0;0;0;0;0;0;0;0;0;0;0;0;0;0;0;0;0;0;151;242;255;255;176;6;0;0;131;6;0;0;4;0;250;255;6;1;0;0;0;0;0;0;0;0;0;0;0;0;255;255;254;255;3;0;0x09
1746518196;06.05.2025 7:56;0;10;0;0;28,6;0;0;153;-1;-0,9;153;-1;-0,9;0;0;0;0;0;0;0;0;0;0;0;0;0;0;0;0;0;0;149;242;255;255;176;6;0;0;132;6;0;0;3;0;250;255;5;1;0;0;0;0;0;0;0;0;0;0;0;0;255;255;254;255;3;0;0x09
1746518216;06.05.2025 7:56;0;10;0;0;28,6;0;0;154;-1,2;-0,6;154;-1,2;-0,6;0;0;0;0;0;0;0;0;0;0;0;0;0;0;0;0;0;0;152;242;255;255;175;6;0;0;131;6;0;0;4;0;249;255;6;1;0;0;0;0;0;0;0;0;0;0;0;0;255;255;254;255;3;0;0x09
1746518236;06.05.2025 7:57;0;10;0;0;28,6;0;0;153;-0,9;-0,7;153;-0,9;-0,7;0;0;0;0;0;0;0;0;0;0;0;0;0;0;0;0;0;0;151;242;255;255;175;6;0;0;134;6;0;0;3;0;250;255;6;1;0;0;0;0;0;0;0;0;0;0;0;0;255;255;254;255;3;0;0x09
1746518256;06.05.2025 7:57;0;10;0;0;28,6;0;0;153;-0,9;-0,9;153;-0,9;-0,9;0;0;0;0;0;0;0;0;0;0;0;0;0;0;0;0;0;0;151;242;255;255;175;6;0;0;132;6;0;0;3;0;250;255;7;1;0;0;0;0;0;0;0;0;0;0;0;0;255;255;254;255;3;0;0x09
1746518276;06.05.2025 7:57;0;10;0;0;28,6;0;0;153;-1,3;-0,7;153;-1,3;-0,7;0;0;0;0;0;0;0;0;0;0;0;0;0;0;0;0;0;0;151;242;255;255;177;6;0;0;132;6;0;0;5;0;248;255;5;1;0;0;0;0;0;0;0;0;0;0;0;0;255;255;254;255;3;0;0x09
1746518296;06.05.2025 7:58;0;10;0;0;28,6;0;0;153;-1,1;-0,7;153;-1,1;-0,7;0;0;0;0;0;0;0;0;0;0;0;0;0;0;0;0;0;0;152;242;255;255;177;6;0;0;131;6;0;0;4;0;249;255;6;1;0;0;0;0;0;0;0;0;0;0;0;0;255;255;254;255;3;0;0x09
1746518316;06.05.2025 7:58;0;10;0;0;28,6;0;0;153;-1,2;-0,8;153;-1,2;-0,8;0;0;0;0;0;0;0;0;0;0;0;0;0;0;0;0;0;0;151;242;255;255;176;6;0;0;130;6;0;0;3;0;249;255;6;1;0;0;0;0;0;0;0;0;0;0;0;0;255;255;254;255;3;0;0x09
1746518336;06.05.2025 7:58;0;10;0;0;28,6;0;0;153;-1;-0,6;153;-1;-0,6;0;0;0;0;0;0;0;0;0;0;0;0;0;0;0;0;0;0;150;242;255;255;175;6;0;0;131;6;0;0;4;0;249;255;6;1;0;0;0;0;0;0;0;0;0;0;0;0;255;255;254;255;3;0;0x09
1746518356;06.05.2025 7:59;0;10;0;0;28,6;0;0;154;-1,2;-0,5;154;-1,2;-0,5;0;0;0;0;0;0;0;0;0;0;0;0;0;0;0;0;0;0;150;242;255;255;176;6;0;0;134;6;0;0;3;0;249;255;5;1;0;0;0;0;0;0;0;0;0;0;0;0;255;255;254;255;3;0;0x09
1746518376;06.05.2025 7:59;0;10;0;0;28,6;0;0;153;-1,3;-0,9;153;-1,3;-0,9;0;0;0;0;0;0;0;0;0;0;0;0;0;0;0;0;0;0;148;242;255;255;175;6;0;0;133;6;0;0;2;0;249;255;5;1;0;0;0;0;0;0;0;0;0;0;0;0;255;255;254;255;3;0;0x09
1746518397;06.05.2025 7:59;0;10;0;0;28,6;0;0;153;-1,1;-1,1;153;-1,1;-1,1;0;0;0;0;0;0;0;0;0;0;0;0;0;0;0;0;0;0;151;242;255;255;175;6;0;0;132;6;0;0;3;0;249;255;6;1;0;0;0;0;0;0;0;0;0;0;0;0;255;255;254;255;3;0;0x09
1746518417;06.05.2025 8:00;0;10;0;0;28,6;0;0;154;-1,4;-0,7;154;-1,4;-0,7;0;0;0;0;0;0;0;0;0;0;0;0;0;0;0;0;0;0;151;242;255;255;175;6;0;0;130;6;0;0;3;0;250;255;5;1;0;0;0;0;0;0;0;0;0;0;0;0;255;255;254;255;3;0;0x09
1746518437;06.05.2025 8:00;0;10;0;0;28,6;0;0;153;-1,1;-0,7;153;-1,1;-0,7;0;0;0;0;0;0;0;0;0;0;0;0;0;0;0;0;0;0;150;242;255;255;176;6;0;0;132;6;0;0;2;0;249;255;5;1;0;0;0;0;0;0;0;0;0;0;0;0;255;255;254;255;3;0;0x09
1746518457;06.05.2025 8:00;0;10;0;0;28,6;0;0;153;-1,3;-1;153;-1,3;-1;0;0;0;0;0;0;0;0;0;0;0;0;0;0;0;0;0;0;150;242;255;255;177;6;0;0;132;6;0;0;3;0;249;255;6;1;0;0;0;0;0;0;0;0;0;0;0;0;255;255;254;255;3;0;0x09
1746518477;06.05.2025 8:01;0;10;0;0;28,6;0;0;154;-1,1;-0,3;154;-1,1;-0,3;0;0;0;0;0;0;0;0;0;0;0;0;0;0;0;0;0;0;151;242;255;255;177;6;0;0;132;6;0;0;3;0;249;255;6;1;0;0;0;0;0;0;0;0;0;0;0;0;255;255;254;255;3;0;0x09
1746518497;06.05.2025 8:01;0;10;0;0;28,6;0;0;153;-1,2;-0,8;153;-1,2;-0,8;0;0;0;0;0;0;0;0;0;0;0;0;0;0;0;0;0;0;151;242;255;255;176;6;0;0;133;6;0;0;4;0;250;255;6;1;0;0;0;0;0;0;0;0;0;0;0;0;255;255;254;255;3;0;0x09
1746518517;06.05.2025 8:01;0;10;0;0;28,6;0;0;154;-1,4;-0,6;154;-1,4;-0,6;0;0;0;0;0;0;0;0;0;0;0;0;0;0;0;0;0;0;148;242;255;255;177;6;0;0;132;6;0;0;3;0;249;255;6;1;0;0;0;0;0;0;0;0;0;0;0;0;255;255;254;255;3;0;0x09
1746518537;06.05.2025 8:02;0;10;0;0;28,6;0;0;153;-1;-0,9;153;-1;-0,9;0;0;0;0;0;0;0;0;0;0;0;0;0;0;0;0;0;0;172;242;255;255;173;6;0;0;121;6;0;0;4;0;249;255;6;1;0;0;0;0;0;0;0;0;0;0;0;0;255;255;254;255;3;0;0x09
1746518557;06.05.2025 8:02;0;10;0;0;28,6;0;0;153;-1,2;-0,6;153;-1,2;-0,6;0;0;0;0;0;0;0;0;0;0;0;0;0;0;0;0;0;0;174;242;255;255;175;6;0;0;113;6;0;0;3;0;249;255;6;1;0;0;0;0;0;0;0;0;0;0;0;0;255;255;254;255;3;0;0x09
1746518577;06.05.2025 8:02;0;10;0;0;28,6;0;0;153;-1,2;-0,7;153;-1,2;-0,7;0;0;0;0;0;0;0;0;0;0;0;0;0;0;0;0;0;0;176;242;255;255;174;6;0;0;116;6;0;0;3;0;249;255;7;1;0;0;0;0;0;0;0;0;0;0;0;0;255;255;254;255;3;0;0x09
1746518583;06.05.2025 8:03;0;10;0;0;28,6;0;0;153;-1,2;-0,7;153;-1,2;-0,7;0;0;0;0;0;0;0;0;0;0;0;0;0;0;0;0;0;0;169;242;255;255;175;6;0;0;142;6;0;0;4;0;251;255;6;1;0;0;0;0;0;0;0;0;0;0;0;0;255;255;254;255;3;0;0x09
1746518593;06.05.2025 8:03;0;20;0;0;28,6;0;0;153;-1,2;-0,7;153;-1,2;-0,7;0;0;0;0;0;0;0;0;0;0;0;0;0;0;0;0;0;0;169;242;255;255;175;6;0;0;142;6;0;0;4;0;251;255;6;1;0;0;0;0;0;0;0;0;0;0;0;0;255;255;254;255;3;0;0x09
1746518613;06.05.2025 8:03;0;20;0;0;28,6;0;0;154;-0,3;0,9;154;-0,3;0,9;0;0;0;0;0;0;0;0;0;0;0;0;0;0;0;0;0;0;167;242;255;255;175;6;0;0;141;6;0;0;2;0;6;0;10;1;0;0;0;0;0;0;0;0;0;0;0;0;255;255;0;0;3;0;0x09
1746518633;06.05.2025 8:03;0;20;0;0;28,6;0;0;154;-0,3;0,9;154;-0,3;0,9;0;0;0;0;0;0;0;0;0;0;0;0;0;0;0;0;0;0;168;242;255;255;174;6;0;0;139;6;0;0;3;0;5;0;10;1;0;0;0;0;0;0;0;0;0;0;0;0;255;255;0;0;3;0;0x09
1746518653;06.05.2025 8:04;0;20;0;0;28,6;0;0;154;-0,3;1;154;-0,3;1;0;0;0;0;0;0;0;0;0;0;0;0;0;0;0;0;0;0;169;242;255;255;175;6;0;0;140;6;0;0;2;0;7;0;9;1;0;0;0;0;0;0;0;0;0;0;0;0;255;255;0;0;3;0;0x09
1746518673;06.05.2025 8:04;0;20;0;0;28,6;0;0;154;-0,3;0,9;154;-0,3;0,9;0;0;0;0;0;0;0;0;0;0;0;0;0;0;0;0;0;0;166;242;255;255;176;6;0;0;138;6;0;0;2;0;6;0;8;1;0;0;0;0;0;0;0;0;0;0;0;0;255;255;0;0;3;0;0x09
1746518693;06.05.2025 8:04;0;20;0;0;28,6;0;0;154;-0,2;0,7;154;-0,2;0,7;0;0;0;0;0;0;0;0;0;0;0;0;0;0;0;0;0;0;168;242;255;255;175;6;0;0;139;6;0;0;255;255;3;0;7;1;0;0;0;0;0;0;0;0;0;0;0;0;255;255;0;0;3;0;0x09
1746518713;06.05.2025 8:05;0;20;0;0;28,6;0;0;154;-0,3;1;154;-0,3;1;0;0;0;0;0;0;0;0;0;0;0;0;0;0;0;0;0;0;168;242;255;255;178;6;0;0;139;6;0;0;2;0;6;0;9;1;0;0;0;0;0;0;0;0;0;0;0;0;255;255;0;0;3;0;0x09
1746518733;06.05.2025 8:05;0;20;0;0;28,6;0;0;154;-0,2;0,7;154;-0,2;0,7;0;0;0;0;0;0;0;0;0;0;0;0;0;0;0;0;0;0;167;242;255;255;176;6;0;0;140;6;0;0;1;0;1;0;6;1;0;0;0;0;0;0;0;0;0;0;0;0;255;255;0;0;3;0;0x09
1746518753;06.05.2025 8:05;0;20;0;0;28,6;0;0;154;-0,3;0,9;154;-0,3;0,9;0;0;0;0;0;0;0;0;0;0;0;0;0;0;0;0;0;0;167;242;255;255;176;6;0;0;141;6;0;0;2;0;6;0;9;1;0;0;0;0;0;0;0;0;0;0;0;0;255;255;0;0;3;0;0x09
1746518774;06.05.2025 8:06;0;20;0;0;28,6;0;0;154;-0,3;0,9;154;-0,3;0,9;0;0;0;0;0;0;0;0;0;0;0;0;0;0;0;0;0;0;169;242;255;255;174;6;0;0;139;6;0;0;255;255;3;0;5;1;0;0;0;0;0;0;0;0;0;0;0;0;255;255;0;0;3;0;0x09
1746518794;06.05.2025 8:06;0;20;0;0;28,6;0;0;154;-0,3;0,9;154;-0,3;0,9;0;0;0;0;0;0;0;0;0;0;0;0;0;0;0;0;0;0;167;242;255;255;173;6;0;0;139;6;0;0;2;0;7;0;9;1;0;0;0;0;0;0;0;0;0;0;0;0;255;255;0;0;3;0;0x09
1746518814;06.05.2025 8:06;0;20;0;0;28,6;0;0;154;-0,3;0,8;154;-0,3;0,8;0;0;0;0;0;0;0;0;0;0;0;0;0;0;0;0;0;0;168;242;255;255;176;6;0;0;139;6;0;0;2;0;6;0;9;1;0;0;0;0;0;0;0;0;0;0;0;0;255;255;0;0;3;0;0x09
1746518834;06.05.2025 8:07;0;20;0;0;28,6;0;0;154;-0,2;0,8;154;-0,2;0,8;0;0;0;0;0;0;0;0;0;0;0;0;0;0;0;0;0;0;180;242;255;255;169;6;0;0;158;6;0;0;3;0;5;0;9;1;0;0;0;0;0;0;0;0;0;0;0;0;255;255;0;0;3;0;0x09
1746518854;06.05.2025 8:07;0;20;0;0;28,6;0;0;158;-0,3;1,2;158;-0,3;1,2;0;0;0;0;0;0;0;0;0;0;0;0;0;0;0;0;0;0;184;242;255;255;141;5;0;0;120;6;0;0;4;0;7;0;10;1;0;0;0;0;0;0;0;0;0;0;0;0;255;255;0;0;3;0;0x09
1746518859;06.05.2025 8:07;0;20;0;0;28,6;0;0;161;-0,4;1,2;161;-0,4;1,2;0;0;0;0;0;0;0;0;0;0;0;0;0;0;0;0;0;0;128;243;255;255;117;4;0;0;154;6;0;0;255;255;7;0;5;1;0;0;0;0;0;0;0;0;0;0;0;0;255;255;0;0;3;0;0x09
1746518869;06.05.2025 8:07;0;21;0;0;28,6;0;0;161;-0,4;1,2;161;-0,4;1,2;0;0;0;0;0;0;0;0;0;0;0;0;0;0;0;0;0;0;128;243;255;255;117;4;0;0;154;6;0;0;255;255;7;0;5;1;0;0;0;0;0;0;0;0;0;0;0;0;255;255;0;0;3;0;0x09
1746518889;06.05.2025 8:08;1;21;0;0;28,6;0;0;161;-0,4;1,2;161;-0,4;1,2;0;0;0;0;0;0;0;0;0;0;0;0;0;0;0;0;0;0;128;243;255;255;117;4;0;0;154;6;0;0;255;255;7;0;5;1;0;0;0;0;0;0;0;0;0;0;0;0;255;255;0;0;3;0;0x09
1746518909;06.05.2025 8:08;1;21;0;0;28,6;0;0;161;-0,4;1,2;161;-0,4;1,2;0;0;0;0;0;0;0;0;0;0;0;0;0;0;0;0;0;0;128;243;255;255;117;4;0;0;154;6;0;0;255;255;7;0;5;1;0;0;0;0;0;0;0;0;0;0;0;0;255;255;0;0;3;0;0x09
1746518930;06.05.2025 8:08;1;21;0;0;28,6;0;0;161;-0,4;1,2;161;-0,4;1,2;0;0;0;0;0;0;0;0;0;0;0;0;0;0;0;0;0;0;128;243;255;255;117;4;0;0;154;6;0;0;255;255;7;0;5;1;0;0;0;0;0;0;0;0;0;0;0;0;255;255;0;0;3;0;0x09
1746518951;06.05.2025 8:09;1;21;0;0;28,6;0;0;161;-0,4;1,2;161;-0,4;1,2;0;0;0;0;0;0;0;0;0;0;0;0;0;0;0;0;0;0;128;243;255;255;117;4;0;0;154;6;0;0;255;255;7;0;5;1;0;0;0;0;0;0;0;0;0;0;0;0;255;255;0;0;3;0;0x09
1746518971;06.05.2025 8:09;1;21;0;0;28,6;0;0;161;-0,4;1,2;161;-0,4;1,2;0;0;0;0;0;0;0;0;0;0;0;0;0;0;0;0;0;0;128;243;255;255;117;4;0;0;154;6;0;0;255;255;7;0;5;1;0;0;0;0;0;0;0;0;0;0;0;0;255;255;0;0;3;0;0x09
1746518991;06.05.2025 8:09;1;21;0;0;28,6;0;0;161;-0,4;1,2;161;-0,4;1,2;0;0;0;0;0;0;0;0;0;0;0;0;0;0;0;0;0;0;128;243;255;255;117;4;0;0;154;6;0;0;255;255;7;0;5;1;0;0;0;0;0;0;0;0;0;0;0;0;255;255;0;0;3;0;0x09
1746519011;06.05.2025 8:10;1;21;0;0;28,6;0;0;161;-0,4;1,2;161;-0,4;1,2;0;0;0;0;0;0;0;0;0;0;0;0;0;0;0;0;0;0;128;243;255;255;117;4;0;0;154;6;0;0;255;255;7;0;5;1;0;0;0;0;0;0;0;0;0;0;0;0;255;255;0;0;3;0;0x09
1746519031;06.05.2025 8:10;1;21;0;0;28,6;0;0;161;-0,4;1,2;161;-0,4;1,2;0;0;0;0;0;0;0;0;0;0;0;0;0;0;0;0;0;0;128;243;255;255;117;4;0;0;154;6;0;0;255;255;7;0;5;1;0;0;0;0;0;0;0;0;0;0;0;0;255;255;0;0;3;0;0x09
1746519051;06.05.2025 8:10;1;21;0;0;28,6;0;0;161;-0,4;1,2;161;-0,4;1,2;0;0;0;0;0;0;0;0;0;0;0;0;0;0;0;0;0;0;128;243;255;255;117;4;0;0;154;6;0;0;255;255;7;0;5;1;0;0;0;0;0;0;0;0;0;0;0;0;255;255;0;0;3;0;0x09
1746519071;06.05.2025 8:11;1;21;0;0;28,6;0;0;161;-0,4;1,2;161;-0,4;1,2;0;0;0;0;0;0;0;0;0;0;0;0;0;0;0;0;0;0;128;243;255;255;117;4;0;0;154;6;0;0;255;255;7;0;5;1;0;0;0;0;0;0;0;0;0;0;0;0;255;255;0;0;3;0;0x09
1746519091;06.05.2025 8:11;1;21;0;0;28,6;0;0;161;-0,4;1,2;161;-0,4;1,2;0;0;0;0;0;0;0;0;0;0;0;0;0;0;0;0;0;0;128;243;255;255;117;4;0;0;154;6;0;0;255;255;7;0;5;1;0;0;0;0;0;0;0;0;0;0;0;0;255;255;0;0;3;0;0x09
1746519111;06.05.2025 8:11;1;21;0;0;28,6;0;0;161;-0,4;1,2;161;-0,4;1,2;0;0;0;0;0;0;0;0;0;0;0;0;0;0;0;0;0;0;128;243;255;255;117;4;0;0;154;6;0;0;255;255;7;0;5;1;0;0;0;0;0;0;0;0;0;0;0;0;255;255;0;0;3;0;0x09
1746519131;06.05.2025 8:12;1;21;0;0;28,6;0;0;161;-0,4;1,2;161;-0,4;1,2;0;0;0;0;0;0;0;0;0;0;0;0;0;0;0;0;0;0;128;243;255;255;117;4;0;0;154;6;0;0;255;255;7;0;5;1;0;0;0;0;0;0;0;0;0;0;0;0;255;255;0;0;3;0;0x09
1746519151;06.05.2025 8:12;1;21;0;0;28,6;0;0;161;-0,4;1,2;161;-0,4;1,2;0;0;0;0;0;0;0;0;0;0;0;0;0;0;0;0;0;0;128;243;255;255;117;4;0;0;154;6;0;0;255;255;7;0;5;1;0;0;0;0;0;0;0;0;0;0;0;0;255;255;0;0;3;0;0x09
1746519172;06.05.2025 8:12;1;21;0;0;28,6;0;0;161;-0,4;1,2;161;-0,4;1,2;0;0;0;0;0;0;0;0;0;0;0;0;0;0;0;0;0;0;128;243;255;255;117;4;0;0;154;6;0;0;255;255;7;0;5;1;0;0;0;0;0;0;0;0;0;0;0;0;255;255;0;0;3;0;0x09
1746519191;06.05.2025 8:13;1;21;0;0;28,6;0;0;161;-0,4;1,2;161;-0,4;1,2;0;0;0;0;0;0;0;0;0;0;0;0;0;0;0;0;0;0;128;243;255;255;117;4;0;0;154;6;0;0;255;255;7;0;5;1;0;0;0;0;0;0;0;0;0;0;0;0;255;255;0;0;3;0;0x09
1746519212;06.05.2025 8:13;1;21;0;0;28,6;0;0;161;-0,4;1,2;161;-0,4;1,2;0;0;0;0;0;0;0;0;0;0;0;0;0;0;0;0;0;0;128;243;255;255;117;4;0;0;154;6;0;0;255;255;7;0;5;1;0;0;0;0;0;0;0;0;0;0;0;0;255;255;0;0;3;0;0x09
1746519232;06.05.2025 8:13;1;21;0;0;28,6;0;0;161;-0,4;1,2;161;-0,4;1,2;0;0;0;0;0;0;0;0;0;0;0;0;0;0;0;0;0;0;128;243;255;255;117;4;0;0;154;6;0;0;255;255;7;0;5;1;0;0;0;0;0;0;0;0;0;0;0;0;255;255;0;0;3;0;0x09
1746519237;06.05.2025 8:13;1;21;0;0;28,6;0;0;161;-0,4;1,2;161;-0,4;1,2;0;0;0;0;0;0;0;0;0;0;0;0;0;0;0;0;0;0;128;243;255;255;117;4;0;0;154;6;0;0;255;255;7;0;5;1;0;0;0;0;0;0;0;0;0;0;0;0;255;255;0;0;3;0;0x09
1746519247;06.05.2025 8:14;0;22;0;0;28,6;0;0;161;-0,4;1,2;161;-0,4;1,2;0;0;0;0;0;0;0;0;0;0;0;0;0;0;0;0;0;0;128;243;255;255;117;4;0;0;154;6;0;0;255;255;7;0;5;1;0;0;0;0;0;0;0;0;0;0;0;0;255;255;0;0;3;0;0x09
1746519267;06.05.2025 8:14;0;22;0;0;28,6;0;0;270;-0,7;1,6;270;-0,7;1,6;0;0;0;0;0;0;0;0;0;0;0;0;0;0;0;0;0;0;16;0;0;0;253;253;255;255;163;6;0;0;6;0;11;0;10;1;175;244;255;255;27;6;0;0;0;0;0;0;255;255;0;0;3;0;0x09
1746519287;06.05.2025 8:14;0;22;0;0;28,6;0;0;307;-0,6;1,7;307;-0,6;1,7;0;0;0;0;0;0;0;0;0;0;0;0;0;0;0;0;0;0;91;1;0;0;116;254;255;255;168;6;0;0;3;0;11;0;8;1;175;244;255;255;27;6;0;0;0;0;0;0;255;255;0;0;3;0;0x09
1746519307;06.05.2025 8:15;0;22;0;0;28,6;0;0;342;-0,2;2,2;342;-0,2;2,2;0;0;0;0;0;0;0;0;0;0;0;0;0;0;0;0;0;0;12;2;0;0;156;255;255;255;170;6;0;0;4;0;11;0;9;1;175;244;255;255;27;6;0;0;0;0;0;0;255;255;0;0;3;0;0x09
1746519327;06.05.2025 8:15;0;22;0;0;28,6;0;0;20;0,3;2;20;0,3;2;0;0;0;0;0;0;0;0;0;0;0;0;0;0;0;0;0;0;209;1;0;0;236;0;0;0;166;6;0;0;3;0;11;0;9;1;175;244;255;255;27;6;0;0;0;0;0;0;255;255;0;0;3;0;0x09
1746519348;06.05.2025 8:15;0;22;0;0;28,6;0;0;64;0,3;1,7;64;0,3;1,7;0;0;0;0;0;0;0;0;0;0;0;0;0;0;0;0;0;0;201;0;0;0;216;1;0;0;155;6;0;0;254;255;10;0;7;1;175;244;255;255;27;6;0;0;0;0;0;0;255;255;0;0;3;0;0x09
1746519368;06.05.2025 8:16;0;22;0;0;28,6;0;0;107;0,2;0,9;107;0,2;0,9;0;0;0;0;0;0;0;0;0;0;0;0;0;0;0;0;0;0;108;255;255;255;242;1;0;0;146;6;0;0;1;0;9;0;10;1;175;244;255;255;27;6;0;0;0;0;0;0;255;255;0;0;3;0;0x09
1746519388;06.05.2025 8:16;0;22;0;0;28,6;0;0;146;0;0,7;146;0;0,7;0;0;0;0;0;0;0;0;0;0;0;0;0;0;0;0;0;0;77;254;255;255;54;1;0;0;141;6;0;0;3;0;6;0;10;1;175;244;255;255;27;6;0;0;0;0;0;0;255;255;0;0;3;0;0x09
1746519408;06.05.2025 8:16;0;22;0;0;28,6;0;0;184;-0,5;0,9;184;-0,5;0,9;0;0;0;0;0;0;0;0;0;0;0;0;0;0;0;0;0;0;233;253;255;255;248;255;255;255;145;6;0;0;255;255;2;0;6;1;175;244;255;255;27;6;0;0;0;0;0;0;255;255;0;0;3;0;0x09
1746519429;06.05.2025 8:17;0;22;0;0;28,6;0;0;212;-0,5;1,1;212;-0,5;1,1;0;0;0;0;0;0;0;0;0;0;0;0;0;0;0;0;0;0;61;254;255;255;2;255;255;255;121;6;0;0;4;0;7;0;10;1;175;244;255;255;27;6;0;0;0;0;0;0;255;255;0;0;3;0;0x09
1746519433;06.05.2025 8:17;0;22;0;0;28,6;0;0;210;-0,7;0,8;210;-0,7;0,8;0;0;0;0;0;0;0;0;0;0;0;0;0;0;0;0;0;0;54;254;255;255;1;255;255;255;150;6;0;0;3;0;6;0;10;1;175;244;255;255;27;6;0;0;0;0;0;0;255;255;0;0;3;0;0x09
1746519444;06.05.2025 8:17;0;23;0;0;28,6;0;0;210;-0,7;0,8;210;-0,7;0,8;0;0;0;0;0;0;0;0;0;0;0;0;0;0;0;0;0;0;54;254;255;255;1;255;255;255;150;6;0;0;3;0;6;0;10;1;175;244;255;255;27;6;0;0;0;0;0;0;255;255;0;0;3;0;0x09
1746519464;06.05.2025 8:17;1;23;0;0;28,6;0;0;210;-0,7;0,8;210;-0,7;0,8;0;0;0;0;0;0;0;0;0;0;0;0;0;0;0;0;0;0;54;254;255;255;1;255;255;255;150;6;0;0;3;0;6;0;10;1;175;244;255;255;27;6;0;0;0;0;0;0;255;255;0;0;3;0;0x09
1746519470;06.05.2025 8:17;1;23;0;0;28,6;0;0;210;-0,7;0,8;210;-0,7;0,8;0;0;0;0;0;0;0;0;0;0;0;0;0;0;0;0;0;0;54;254;255;255;1;255;255;255;150;6;0;0;3;0;6;0;10;1;175;244;255;255;27;6;0;0;0;0;0;0;255;255;0;0;3;0;0x09
1746519480;06.05.2025 8:18;0;24;0;0;28,6;0;0;210;-0,7;0,8;210;-0,7;0,8;0;0;0;0;0;0;0;0;0;0;0;0;0;0;0;0;0;0;54;254;255;255;1;255;255;255;150;6;0;0;3;0;6;0;10;1;175;244;255;255;27;6;0;0;0;0;0;0;255;255;0;0;3;0;0x09
1746519500;06.05.2025 8:18;0;24;0;0;28,6;0;0;211;-0,5;0,9;211;-0,5;0,9;0;0;0;0;0;0;0;0;0;0;0;0;0;0;0;0;0;0;54;254;255;255;0;255;255;255;154;6;0;0;4;0;7;0;8;1;175;244;255;255;27;6;0;0;0;0;0;0;255;255;0;0;3;0;0x09
1746519520;06.05.2025 8:18;0;24;0;0;28,6;0;0;212;-0,6;1,3;212;-0,6;1,3;0;0;0;0;0;0;0;0;0;0;0;0;0;0;0;0;0;0;53;254;255;255;0;255;255;255;153;6;0;0;4;0;6;0;10;1;175;244;255;255;27;6;0;0;0;0;0;0;255;255;0;0;3;0;0x09
1746519540;06.05.2025 8:19;0;24;0;0;28,6;0;0;212;-0,5;1,2;212;-0,5;1,2;0;0;0;0;0;0;0;0;0;0;0;0;0;0;0;0;0;0;56;254;255;255;2;255;255;255;142;6;0;0;4;0;7;0;9;1;175;244;255;255;27;6;0;0;0;0;0;0;255;255;0;0;3;0;0x09
1746519560;06.05.2025 8:19;0;24;0;0;28,6;0;0;212;-0,5;1,2;212;-0,5;1,2;0;0;0;0;0;0;0;0;0;0;0;0;0;0;0;0;0;0;54;254;255;255;255;254;255;255;152;6;0;0;2;0;2;0;5;1;175;244;255;255;27;6;0;0;0;0;0;0;255;255;0;0;3;0;0x09
1746519580;06.05.2025 8:19;0;24;0;0;28,6;0;0;211;-0,6;0,8;211;-0,6;0,8;0;0;0;0;0;0;0;0;0;0;0;0;0;0;0;0;0;0;104;254;255;255;23;255;255;255;152;6;0;0;4;0;7;0;9;1;175;244;255;255;27;6;0;0;0;0;0;0;255;255;0;0;3;0;0x09
1746519586;06.05.2025 8:19;0;24;0;0;28,6;0;0;212;-0,6;1,2;212;-0,6;1,2;0;0;0;0;0;0;0;0;0;0;0;0;0;0;0;0;0;0;58;254;255;255;0;255;255;255;150;6;0;0;3;0;7;0;10;1;175;244;255;255;27;6;0;0;0;0;0;0;255;255;0;0;3;0;0x09
1746519596;06.05.2025 8:19;0;25;0;0;28,6;0;0;212;-0,6;1,2;212;-0,6;1,2;0;0;0;0;0;0;0;0;0;0;0;0;0;0;0;0;0;0;58;254;255;255;0;255;255;255;150;6;0;0;3;0;7;0;10;1;175;244;255;255;27;6;0;0;0;0;0;0;255;255;0;0;3;0;0x09
1746519616;06.05.2025 8:20;1;25;0;0;28,6;0;0;212;-0,6;1,2;212;-0,6;1,2;0;0;0;0;0;0;0;0;0;0;0;0;0;0;0;0;0;0;58;254;255;255;0;255;255;255;150;6;0;0;3;0;7;0;10;1;175;244;255;255;27;6;0;0;0;0;0;0;255;255;0;0;3;0;0x09
1746519621;06.05.2025 8:20;1;25;0;0;28,6;0;0;212;-0,6;1,2;212;-0,6;1,2;0;0;0;0;0;0;0;0;0;0;0;0;0;0;0;0;0;0;58;254;255;255;0;255;255;255;150;6;0;0;3;0;7;0;10;1;175;244;255;255;27;6;0;0;0;0;0;0;255;255;0;0;3;0;0x09
1746519631;06.05.2025 8:20;0;26;0;0;28,6;0;0;212;-0,6;1,2;212;-0,6;1,2;0;0;0;0;0;0;0;0;0;0;0;0;0;0;0;0;0;0;58;254;255;255;0;255;255;255;150;6;0;0;3;0;7;0;10;1;175;244;255;255;27;6;0;0;0;0;0;0;255;255;0;0;3;0;0x09
1746519651;06.05.2025 8:20;0;30;0;0;28,6;0;0;209;-0,5;1;209;-0,5;1;0;0;0;0;0;0;0;0;0;0;0;0;0;0;0;0;0;0;62;254;255;255;5;255;255;255;12;0;0;0;3;0;7;0;10;1;175;244;255;255;27;6;0;0;144;6;0;0;255;255;0;0;3;0;0x09
1746519671;06.05.2025 8:21;0;30;0;0;28,6;0;1;160;-1,2;-1,3;340;-178,7;-1,1;0;0;0;0;0;0;0;0;0;0;0;0;0;0;0;0;0;0;96;254;255;255;60;255;255;255;41;12;0;0;4;0;2;0;7;255;175;244;255;255;27;6;0;0;144;6;0;0;255;255;0;0;3;0;0x09
1746519691;06.05.2025 8:21;0;30;0;0;28,6;0;1;160;-1,2;-1,2;340;-178,6;-0,9;0;0;0;0;0;0;0;0;0;0;0;0;0;0;0;0;0;0;96;254;255;255;60;255;255;255;38;12;0;0;4;0;1;0;6;255;175;244;255;255;27;6;0;0;144;6;0;0;255;255;0;0;3;0;0x09
1746519711;06.05.2025 8:21;0;30;0;0;28,6;0;1;159;-1,3;-1,1;339;-178,4;-0,7;0;0;0;0;0;0;0;0;0;0;0;0;0;0;0;0;0;0;93;254;255;255;59;255;255;255;40;12;0;0;3;0;2;0;6;255;175;244;255;255;27;6;0;0;144;6;0;0;255;255;0;0;3;0;0x09
1746519732;06.05.2025 8:22;0;30;0;0;28,6;0;1;158;-1,2;-1;338,1;-178,7;-1;0;0;0;0;0;0;0;0;0;0;0;0;0;0;0;0;0;0;96;254;255;255;61;255;255;255;40;12;0;0;4;0;2;0;7;255;175;244;255;255;27;6;0;0;144;6;0;0;255;255;0;0;3;0;0x09
1746519752;06.05.2025 8:22;0;30;0;0;28,6;0;1;163;-1,2;-1,5;343;-178,5;-1,1;0;0;0;0;0;0;0;0;0;0;0;0;0;0;0;0;0;0;95;254;255;255;64;255;255;255;36;12;0;0;3;0;2;0;6;255;175;244;255;255;27;6;0;0;144;6;0;0;255;255;0;0;3;0;0x09
1746519772;06.05.2025 8:22;0;30;0;0;28,6;0;1;113;0,2;-1,7;293;179,9;-1,4;0;0;0;0;0;0;0;0;0;0;0;0;0;0;0;0;0;0;94;254;255;255;144;251;255;255;27;11;0;0;247;255;21;0;239;254;175;244;255;255;27;6;0;0;144;6;0;0;255;255;0;0;3;0;0x09
1746519792;06.05.2025 8:23;0;30;0;0;28,6;0;0;164;-1;0,8;164;-1;0,8;0;0;0;0;0;0;0;0;0;0;0;0;0;0;0;0;0;0;252;253;255;255;149;0;0;0;253;255;255;255;7;0;6;0;9;1;175;244;255;255;27;6;0;0;144;6;0;0;255;255;0;0;3;0;0x09
1746519812;06.05.2025 8:23;0;30;0;0;28,6;0;0;164;-1,1;0,8;164;-1,1;0,8;0;0;0;0;0;0;0;0;0;0;0;0;0;0;0;0;0;0;252;253;255;255;149;0;0;0;255;255;255;255;6;0;6;0;9;1;175;244;255;255;27;6;0;0;144;6;0;0;255;255;0;0;3;0;0x09
1746519832;06.05.2025 8:23;0;30;0;0;28,6;0;0;164;-1,3;0,4;164;-1,3;0,4;0;0;0;0;0;0;0;0;0;0;0;0;0;0;0;0;0;0;255;253;255;255;148;0;0;0;247;255;255;255;3;0;1;0;9;1;175;244;255;255;27;6;0;0;144;6;0;0;255;255;0;0;3;0;0x09
1746519853;06.05.2025 8:24;0;30;0;0;28,6;0;0;164;-1,3;0,7;164;-1,3;0,7;0;0;0;0;0;0;0;0;0;0;0;0;0;0;0;0;0;0;252;253;255;255;148;0;0;0;248;255;255;255;6;0;5;0;10;1;175;244;255;255;27;6;0;0;144;6;0;0;255;255;0;0;3;0;0x09
1746519873;06.05.2025 8:24;0;30;0;0;28,6;0;0;254;-1,5;1,3;254;-1,5;1,3;0;0;0;0;0;0;0;0;0;0;0;0;0;0;0;0;0;0;113;255;255;255;22;254;255;255;13;0;0;0;6;0;3;0;6;1;175;244;255;255;27;6;0;0;144;6;0;0;255;255;0;0;3;0;0x09
1746519893;06.05.2025 8:24;0;30;0;0;28,6;0;0;254;-1,5;1,3;254;-1,5;1,3;0;0;0;0;0;0;0;0;0;0;0;0;0;0;0;0;0;0;114;255;255;255;21;254;255;255;6;0;0;0;6;0;4;0;5;1;175;244;255;255;27;6;0;0;144;6;0;0;255;255;0;0;3;0;0x09
1746519913;06.05.2025 8:25;0;30;0;0;28,6;0;0;254;-1,6;1,4;254;-1,6;1,4;0;0;0;0;0;0;0;0;0;0;0;0;0;0;0;0;0;0;114;255;255;255;20;254;255;255;13;0;0;0;6;0;5;0;5;1;175;244;255;255;27;6;0;0;144;6;0;0;255;255;0;0;3;0;0x09
1746519933;06.05.2025 8:25;0;30;0;0;28,6;0;0;254;-1,5;1,3;254;-1,5;1,3;0;0;0;0;0;0;0;0;0;0;0;0;0;0;0;0;0;0;113;255;255;255;21;254;255;255;12;0;0;0;8;0;9;0;9;1;175;244;255;255;27;6;0;0;144;6;0;0;255;255;0;0;3;0;0x09
1746519953;06.05.2025 8:25;0;30;0;0;28,6;0;0;345;-1,1;1,9;345;-1,1;1,9;0;0;0;0;0;0;0;0;0;0;0;0;0;0;0;0;0;0;8;2;0;0;118;255;255;255;20;0;0;0;8;0;12;0;9;1;175;244;255;255;27;6;0;0;144;6;0;0;255;255;0;0;3;0;0x09
1746519973;06.05.2025 8:26;0;30;0;0;28,6;0;0;345;-1,3;1,9;345;-1,3;1,9;0;0;0;0;0;0;0;0;0;0;0;0;0;0;0;0;0;0;6;2;0;0;119;255;255;255;26;0;0;0;8;0;10;0;8;1;175;244;255;255;27;6;0;0;144;6;0;0;255;255;0;0;3;0;0x09
1746519993;06.05.2025 8:26;0;30;0;0;28,6;0;0;345;-1,4;2;345;-1,4;2;0;0;0;0;0;0;0;0;0;0;0;0;0;0;0;0;0;0;4;2;0;0;120;255;255;255;24;0;0;0;7;0;11;0;10;1;175;244;255;255;27;6;0;0;144;6;0;0;255;255;0;0;3;0;0x09
1746520013;06.05.2025 8:26;0;30;0;0;28,6;0;0;345;-1,1;2;345;-1,1;2;0;0;0;0;0;0;0;0;0;0;0;0;0;0;0;0;0;0;7;2;0;0;117;255;255;255;24;0;0;0;7;0;11;0;9;1;175;244;255;255;27;6;0;0;144;6;0;0;255;255;0;0;3;0;0x09
1746520034;06.05.2025 8:27;0;30;0;0;28,6;0;0;345;-1,4;2;345;-1,4;2;0;0;0;0;0;0;0;0;0;0;0;0;0;0;0;0;0;0;2;2;0;0;119;255;255;255;23;0;0;0;7;0;11;0;9;1;175;244;255;255;27;6;0;0;144;6;0;0;255;255;0;0;3;0;0x09
1746520054;06.05.2025 8:27;0;30;0;0;28,6;0;0;75;-0,6;1,3;75;-0,6;1,3;0;0;0;0;0;0;0;0;0;0;0;0;0;0;0;0;0;0;133;0;0;0;243;1;0;0;7;0;0;0;6;0;9;0;10;1;175;244;255;255;27;6;0;0;144;6;0;0;255;255;0;0;3;0;0x09
1746520074;06.05.2025 8:27;0;30;0;0;28,6;0;0;75;-0,6;1,7;75;-0,6;1,7;0;0;0;0;0;0;0;0;0;0;0;0;0;0;0;0;0;0;133;0;0;0;243;1;0;0;7;0;0;0;6;0;9;0;10;1;175;244;255;255;27;6;0;0;144;6;0;0;255;255;0;0;3;0;0x09
1746520094;06.05.2025 8:28;0;30;0;0;28,6;0;0;75;-0,7;1,3;75;-0,7;1,3;0;0;0;0;0;0;0;0;0;0;0;0;0;0;0;0;0;0;133;0;0;0;243;1;0;0;8;0;0;0;5;0;8;0;10;1;175;244;255;255;27;6;0;0;144;6;0;0;255;255;0;0;3;0;0x09
1746520114;06.05.2025 8:28;0;30;0;0;28,6;0;0;75;-0,8;1,3;75;-0,8;1,3;0;0;0;0;0;0;0;0;0;0;0;0;0;0;0;0;0;0;133;0;0;0;244;1;0;0;6;0;0;0;5;0;8;0;9;1;175;244;255;255;27;6;0;0;144;6;0;0;255;255;0;0;3;0;0x09
1746520134;06.05.2025 8:28;0;30;0;0;28,6;0;0;164;-1,3;0,8;164;-1,3;0,8;0;0;0;0;0;0;0;0;0;0;0;0;0;0;0;0;0;0;253;253;255;255;147;0;0;0;250;255;255;255;6;0;5;0;9;1;175;244;255;255;27;6;0;0;144;6;0;0;255;255;0;0;3;0;0x09
1746520154;06.05.2025 8:29;0;30;0;0;28,6;0;0;164;-1,1;0,8;164;-1,1;0,8;0;0;0;0;0;0;0;0;0;0;0;0;0;0;0;0;0;0;252;253;255;255;148;0;0;0;253;255;255;255;6;0;5;0;10;1;175;244;255;255;27;6;0;0;144;6;0;0;255;255;0;0;3;0;0x09
1746520174;06.05.2025 8:29;0;30;0;0;28,6;0;0;164;-1,3;0,8;164;-1,3;0,8;0;0;0;0;0;0;0;0;0;0;0;0;0;0;0;0;0;0;252;253;255;255;149;0;0;0;254;255;255;255;7;0;5;0;10;1;175;244;255;255;27;6;0;0;144;6;0;0;255;255;0;0;3;0;0x09
1746520194;06.05.2025 8:29;0;30;0;0;28,6;0;0;164;-1,3;0,7;164;-1,3;0,7;0;0;0;0;0;0;0;0;0;0;0;0;0;0;0;0;0;0;251;253;255;255;148;0;0;0;253;255;255;255;7;0;6;0;8;1;175;244;255;255;27;6;0;0;144;6;0;0;255;255;0;0;3;0;0x09
1746520215;06.05.2025 8:30;0;30;0;0;28,6;0;0;164;-1,2;0,8;164;-1,2;0,8;0;0;0;0;0;0;0;0;0;0;0;0;0;0;0;0;0;0;251;253;255;255;149;0;0;0;255;255;255;255;6;0;5;0;10;1;175;244;255;255;27;6;0;0;144;6;0;0;255;255;0;0;3;0;0x09
1746520235;06.05.2025 8:30;0;30;0;0;28,6;0;0;164;-1,3;0,8;164;-1,3;0,8;0;0;0;0;0;0;0;0;0;0;0;0;0;0;0;0;0;0;250;253;255;255;149;0;0;0;253;255;255;255;7;0;5;0;9;1;175;244;255;255;27;6;0;0;144;6;0;0;255;255;0;0;3;0;0x09
1746520255;06.05.2025 8:30;0;30;0;0;28,6;0;0;164;-1,1;0,7;164;-1,1;0,7;0;0;0;0;0;0;0;0;0;0;0;0;0;0;0;0;0;0;252;253;255;255;148;0;0;0;246;255;255;255;6;0;5;0;9;1;175;244;255;255;27;6;0;0;144;6;0;0;255;255;0;0;3;0;0x09
1746520275;06.05.2025 8:31;0;30;0;0;28,6;0;0;164;-1,2;0,8;164;-1,2;0,8;0;0;0;0;0;0;0;0;0;0;0;0;0;0;0;0;0;0;250;253;255;255;149;0;0;0;253;255;255;255;7;0;5;0;9;1;175;244;255;255;27;6;0;0;144;6;0;0;255;255;0;0;3;0;0x09
1746520295;06.05.2025 8:31;0;30;0;0;28,6;0;0;164;-1,2;0,6;164;-1,2;0,6;0;0;0;0;0;0;0;0;0;0;0;0;0;0;0;0;0;0;251;253;255;255;148;0;0;0;253;255;255;255;4;0;1;0;5;1;175;244;255;255;27;6;0;0;144;6;0;0;255;255;0;0;3;0;0x09
1746520315;06.05.2025 8:31;0;30;0;0;28,6;0;0;164;-1,2;0,8;164;-1,2;0,8;0;0;0;0;0;0;0;0;0;0;0;0;0;0;0;0;0;0;252;253;255;255;149;0;0;0;255;255;255;255;7;0;6;0;10;1;175;244;255;255;27;6;0;0;144;6;0;0;255;255;0;0;3;0;0x09
1746520335;06.05.2025 8:32;0;30;0;0;28,6;0;0;164;-1,2;0,8;164;-1,2;0,8;0;0;0;0;0;0;0;0;0;0;0;0;0;0;0;0;0;0;253;253;255;255;148;0;0;0;247;255;255;255;6;0;5;0;7;1;175;244;255;255;27;6;0;0;144;6;0;0;255;255;0;0;3;0;0x09
1746520355;06.05.2025 8:32;0;30;0;0;28,6;0;0;164;-1,1;1;164;-1,1;1;0;0;0;0;0;0;0;0;0;0;0;0;0;0;0;0;0;0;252;253;255;255;149;0;0;0;253;255;255;255;7;0;6;0;8;1;175;244;255;255;27;6;0;0;144;6;0;0;255;255;0;0;3;0;0x09
1746520375;06.05.2025 8:32;0;30;0;0;28,6;0;0;164;-0,9;0,8;164;-0,9;0,8;0;0;0;0;0;0;0;0;0;0;0;0;0;0;0;0;0;0;251;253;255;255;150;0;0;0;251;255;255;255;7;0;5;0;9;1;175;244;255;255;27;6;0;0;144;6;0;0;255;255;0;0;3;0;0x09
1746520396;06.05.2025 8:33;0;30;0;0;28,6;0;0;164;-1,1;0,9;164;-1,1;0,9;0;0;0;0;0;0;0;0;0;0;0;0;0;0;0;0;0;0;250;253;255;255;150;0;0;0;254;255;255;255;7;0;6;0;9;1;175;244;255;255;27;6;0;0;144;6;0;0;255;255;0;0;3;0;0x09
1746520416;06.05.2025 8:33;0;30;0;0;28,6;0;0;81;-0,2;-1,1;81;-0,2;-1,1;0;0;0;0;0;0;0;0;0;0;0;0;0;0;0;0;0;0;77;0;0;0;4;2;0;0;9;0;0;0;251;255;21;0;8;1;175;244;255;255;27;6;0;0;144;6;0;0;255;255;0;0;3;0;0x09
1746520436;06.05.2025 8:33;0;30;0;0;28,6;0;0;242;-1,1;1,9;242;-1,1;1,9;0;0;0;0;0;0;0;0;0;0;0;0;0;0;0;0;0;0;91;255;255;255;205;254;255;255;233;253;255;255;7;0;10;0;9;1;175;244;255;255;27;6;0;0;144;6;0;0;255;255;0;0;3;0;0x09
1746520456;06.05.2025 8:34;0;30;0;0;28,6;0;0;238;-1,2;1,9;238;-1,2;1,9;0;0;0;0;0;0;0;0;0;0;0;0;0;0;0;0;0;0;3;254;255;255;201;252;255;255;55;0;0;0;6;0;12;0;10;1;175;244;255;255;27;6;0;0;144;6;0;0;255;255;0;0;3;0;0x09
1746520476;06.05.2025 8:34;0;30;0;0;28,6;0;0;218;-1,1;1,9;218;-1,1;1,9;0;0;0;0;0;0;0;0;0;0;0;0;0;0;0;0;0;0;98;248;255;255;1;250;255;255;173;248;255;255;6;0;10;0;9;1;175;244;255;255;27;6;0;0;144;6;0;0;255;255;0;0;3;0;0x09
1746520496;06.05.2025 8:34;0;30;0;0;28,6;0;0;214;-1,2;1,9;214;-1,2;1,9;0;0;0;0;0;0;0;0;0;0;0;0;0;0;0;0;0;0;61;247;255;255;2;250;255;255;217;248;255;255;6;0;10;0;8;1;175;244;255;255;27;6;0;0;144;6;0;0;255;255;0;0;3;0;0x09
1746520516;06.05.2025 8:35;0;30;0;0;28,6;0;0;238;-0,5;2,2;238;-0,5;2,2;0;0;0;0;0;0;0;0;0;0;0;0;0;0;0;0;0;0;34;252;255;255;137;249;255;255;160;248;255;255;4;0;5;0;12;1;175;244;255;255;27;6;0;0;144;6;0;0;255;255;0;0;3;0;0x09
1746520536;06.05.2025 8:35;0;30;0;0;28,6;0;0;236;-1,4;1,4;236;-1,4;1,4;0;0;0;0;0;0;0;0;0;0;0;0;0;0;0;0;0;0;63;250;255;255;123;247;255;255;11;249;255;255;8;0;10;0;9;1;175;244;255;255;27;6;0;0;144;6;0;0;255;255;0;0;3;0;0x09
1746520556;06.05.2025 8:35;0;30;0;0;28,6;0;0;232;-1,1;1,9;232;-1,1;1,9;0;0;0;0;0;0;0;0;0;0;0;0;0;0;0;0;0;0;160;250;255;255;2;249;255;255;2;249;255;255;7;0;11;0;10;1;175;244;255;255;27;6;0;0;144;6;0;0;255;255;0;0;3;0;0x09
1746520576;06.05.2025 8:36;0;30;0;0;28,6;0;0;232;-1,3;2;232;-1,3;2;0;0;0;0;0;0;0;0;0;0;0;0;0;0;0;0;0;0;160;250;255;255;1;249;255;255;2;249;255;255;6;0;10;0;10;1;175;244;255;255;27;6;0;0;144;6;0;0;255;255;0;0;3;0;0x09
1746520596;06.05.2025 8:36;0;30;0;0;28,6;0;0;232;-1,2;2;232;-1,2;2;0;0;0;0;0;0;0;0;0;0;0;0;0;0;0;0;0;0;159;250;255;255;254;248;255;255;9;249;255;255;6;0;11;0;10;1;175;244;255;255;27;6;0;0;144;6;0;0;255;255;0;0;3;0;0x09
1746520617;06.05.2025 8:36;0;30;0;0;28,6;0;0;232;-1;1,9;232;-1;1,9;0;0;0;0;0;0;0;0;0;0;0;0;0;0;0;0;0;0;158;250;255;255;255;248;255;255;11;249;255;255;7;0;11;0;9;1;175;244;255;255;27;6;0;0;144;6;0;0;255;255;0;0;3;0;0x09
1746520637;06.05.2025 8:37;0;30;0;0;28,6;0;0;229;-1;2;229;-1;2;0;0;0;0;0;0;0;0;0;0;0;0;0;0;0;0;0;0;46;248;255;255;249;246;255;255;230;248;255;255;7;0;11;0;10;1;175;244;255;255;27;6;0;0;144;6;0;0;255;255;0;0;3;0;0x09
