1747984214;23.05.2025 07:10:14;00;10;0,0;0,0;28,6;0,0000;0;178,0;-1,0;1,3;178,0;-1,0;1,3;0;0;0;0;0;0;0;0;0;0;0;0;0;0;0;0;0;0;184;238;255;255;92;0;0;0;60;251;255;255;3;0;4;0;4;1;0;0;0;0;0;0;0;0;0;0;0;0;255;255;255;255;2;0;0x09;
1747984224;23.05.2025 07:10:24;00;10;0,0;0,0;28,6;0,0000;0;178,0;-1,1;1,7;178,0;-1,1;1,7;0;0;0;0;0;0;0;0;0;0;0;0;0;0;0;0;0;0;183;238;255;255;90;0;0;0;58;251;255;255;3;0;4;0;4;1;0;0;0;0;0;0;0;0;0;0;0;0;255;255;255;255;2;0;0x09;
1747984244;23.05.2025 07:10:44;00;10;0,0;0,0;28,6;0,0000;0;176,0;-1,4;1,4;176,0;-1,4;1,4;0;0;0;0;0;0;0;0;0;0;0;0;0;0;0;0;0;0;249;238;255;255;237;0;0;0;250;250;255;255;8;0;8;0;8;1;0;0;0;0;0;0;0;0;0;0;0;0;255;255;255;255;2;0;0x09;
1747984264;23.05.2025 07:11:04;00;10;0,0;0,0;28,6;0,0000;0;176,0;-1,3;1,2;176,0;-1,3;1,2;0;0;0;0;0;0;0;0;0;0;0;0;0;0;0;0;0;0;107;239;255;255;255;0;0;0;26;251;255;255;2;0;3;0;5;1;0;0;0;0;0;0;0;0;0;0;0;0;255;255;255;255;2;0;0x09;
1747984284;23.05.2025 07:11:24;00;10;0,0;0,0;28,6;0,0000;0;168,0;-2,1;1,7;168,0;-2,1;1,7;0;0;0;0;0;0;0;0;0;0;0;0;0;0;0;0;0;0;194;236;255;255;217;3;0;0;234;250;255;255;16;0;16;0;12;1;0;0;0;0;0;0;0;0;0;0;0;0;255;255;255;255;2;0;0x09;
1747984304;23.05.2025 07:11:44;00;10;0,0;0,0;28,6;0,0000;0;142,0;-1,2;1,4;142,0;-1,2;1,4;0;0;0;0;0;0;0;0;0;0;0;0;0;0;0;0;0;0;254;244;255;255;167;8;0;0;220;0;0;0;2;0;3;0;4;1;0;0;0;0;0;0;0;0;0;0;0;0;255;255;255;255;2;0;0x09;
1747984324;23.05.2025 07:12:04;00;10;0,0;0,0;28,6;0,0000;0;140,0;-0,8;1,4;140,0;-0,8;1,4;0;0;0;0;0;0;0;0;0;0;0;0;0;0;0;0;0;0;101;245;255;255;251;8;0;0;20;1;0;0;2;0;3;0;6;1;0;0;0;0;0;0;0;0;0;0;0;0;255;255;255;255;2;0;0x09;
1747984345;23.05.2025 07:12:25;00;10;0,0;0,0;28,6;0,0000;0;124,0;0,3;-12,9;124,0;0,3;-12,9;0;0;0;0;0;0;0;0;0;0;0;0;0;0;0;0;0;0;155;245;255;255;29;14;0;0;193;6;0;0;7;0;197;255;248;0;0;0;0;0;0;0;0;0;0;0;0;0;255;255;255;255;2;0;0x09;
1747984365;23.05.2025 07:12:45;00;10;0,0;0,0;28,6;0,0000;0;140,0;-1,5;0,7;140,0;-1,5;0,7;0;0;0;0;0;0;0;0;0;0;0;0;0;0;0;0;0;0;237;242;255;255;59;11;0;0;54;6;0;0;3;0;2;0;5;1;0;0;0;0;0;0;0;0;0;0;0;0;255;255;255;255;2;0;0x09;
1747984386;23.05.2025 07:13:06;00;10;0,0;0,0;28,6;0,0000;0;140,0;-1,1;0,5;140,0;-1,1;0,5;0;0;0;0;0;0;0;0;0;0;0;0;0;0;0;0;0;0;243;242;255;255;66;11;0;0;59;6;0;0;13;0;10;0;8;1;0;0;0;0;0;0;0;0;0;0;0;0;255;255;255;255;2;0;0x09;
1747984406;23.05.2025 07:13:26;00;10;0,0;0,0;28,6;0,0000;0;140,0;-1,4;0,9;140,0;-1,4;0,9;0;0;0;0;0;0;0;0;0;0;0;0;0;0;0;0;0;0;250;242;255;255;52;11;0;0;61;6;0;0;8;0;5;0;8;1;0;0;0;0;0;0;0;0;0;0;0;0;255;255;255;255;2;0;0x09;
1747984411;23.05.2025 07:13:31;00;10;0,0;0,0;28,6;0,0000;0;140,0;-1,4;0,7;140,0;-1,4;0,7;0;0;0;0;0;0;0;0;0;0;0;0;0;0;0;0;0;0;250;242;255;255;53;11;0;0;61;6;0;0;2;0;2;0;6;1;0;0;0;0;0;0;0;0;0;0;0;0;255;255;255;255;2;0;0x09;
1747984421;23.05.2025 07:13:41;00;20;0,0;0,0;28,6;0,0000;0;140,0;-1,4;0,7;140,0;-1,4;0,7;0;0;0;0;0;0;0;0;0;0;0;0;0;0;0;0;0;0;250;242;255;255;53;11;0;0;61;6;0;0;2;0;2;0;6;1;0;0;0;0;0;0;0;0;0;0;0;0;255;255;255;255;2;0;0x09;
1747984441;23.05.2025 07:14:01;00;20;0,0;0,0;28,6;0,0000;0;140,0;-0,5;0,9;140,0;-0,5;0,9;0;0;0;0;0;0;0;0;0;0;0;0;0;0;0;0;0;0;250;242;255;255;53;11;0;0;61;6;0;0;5;0;4;0;7;1;0;0;0;0;0;0;0;0;0;0;0;0;255;255;0;0;2;0;0x09;
1747984461;23.05.2025 07:14:21;00;20;0,0;0,0;28,6;0,0000;0;140,0;-0,5;0,8;140,0;-0,5;0,8;0;0;0;0;0;0;0;0;0;0;0;0;0;0;0;0;0;0;248;242;255;255;53;11;0;0;61;6;0;0;3;0;5;0;7;1;0;0;0;0;0;0;0;0;0;0;0;0;255;255;0;0;2;0;0x09;
1747984481;23.05.2025 07:14:41;00;20;0,0;0,0;28,6;0,0000;0;140,0;-0,5;0,7;140,0;-0,5;0,7;0;0;0;0;0;0;0;0;0;0;0;0;0;0;0;0;0;0;251;242;255;255;52;11;0;0;62;6;0;0;5;0;5;0;9;1;0;0;0;0;0;0;0;0;0;0;0;0;255;255;0;0;2;0;0x09;
1747984501;23.05.2025 07:15:01;00;20;0,0;0,0;28,6;0,0000;0;140,0;-0,6;0,7;140,0;-0,6;0,7;0;0;0;0;0;0;0;0;0;0;0;0;0;0;0;0;0;0;250;242;255;255;52;11;0;0;60;6;0;0;3;0;5;0;8;1;0;0;0;0;0;0;0;0;0;0;0;0;255;255;0;0;2;0;0x09;
1747984521;23.05.2025 07:15:21;00;20;0,0;0,0;28,6;0,0000;0;140,0;-0,4;0,9;140,0;-0,4;0,9;0;0;0;0;0;0;0;0;0;0;0;0;0;0;0;0;0;0;250;242;255;255;53;11;0;0;58;6;0;0;3;0;5;0;7;1;0;0;0;0;0;0;0;0;0;0;0;0;255;255;0;0;2;0;0x09;
1747984542;23.05.2025 07:15:42;00;20;0,0;0,0;28,6;0,0000;0;140,0;-0,6;0,7;140,0;-0,6;0,7;0;0;0;0;0;0;0;0;0;0;0;0;0;0;0;0;0;0;249;242;255;255;54;11;0;0;61;6;0;0;4;0;5;0;9;1;0;0;0;0;0;0;0;0;0;0;0;0;255;255;0;0;2;0;0x09;
1747984562;23.05.2025 07:16:02;00;20;0,0;0,0;28,6;0,0000;0;140,0;-0,5;0,8;140,0;-0,5;0,8;0;0;0;0;0;0;0;0;0;0;0;0;0;0;0;0;0;0;250;242;255;255;53;11;0;0;63;6;0;0;4;0;6;0;8;1;0;0;0;0;0;0;0;0;0;0;0;0;255;255;0;0;2;0;0x09;
1747984582;23.05.2025 07:16:22;00;20;0,0;0,0;28,6;0,0000;0;140,0;-0,5;0,8;140,0;-0,5;0,8;0;0;0;0;0;0;0;0;0;0;0;0;0;0;0;0;0;0;252;242;255;255;52;11;0;0;63;6;0;0;4;0;5;0;8;1;0;0;0;0;0;0;0;0;0;0;0;0;255;255;0;0;2;0;0x09;
1747984602;23.05.2025 07:16:42;00;20;0,0;0,0;28,6;0,0000;0;140,0;-0,1;0,6;140,0;-0,1;0,6;0;0;0;0;0;0;0;0;0;0;0;0;0;0;0;0;0;0;242;242;255;255;226;10;0;0;31;6;0;0;5;0;7;0;7;1;0;0;0;0;0;0;0;0;0;0;0;0;255;255;0;0;2;0;0x09;
1747984607;23.05.2025 07:16:47;00;20;0,0;0,0;28,6;0,0000;0;144,0;-0,5;1,0;144,0;-0,5;1,0;0;0;0;0;0;0;0;0;0;0;0;0;0;0;0;0;0;0;47;243;255;255;159;9;0;0;66;6;0;0;1;0;4;0;5;1;0;0;0;0;0;0;0;0;0;0;0;0;255;255;0;0;2;0;0x09;
1747984617;23.05.2025 07:16:57;00;21;0,0;0,0;28,6;0,0000;0;144,0;-0,5;1,0;144,0;-0,5;1,0;0;0;0;0;0;0;0;0;0;0;0;0;0;0;0;0;0;0;47;243;255;255;159;9;0;0;66;6;0;0;1;0;4;0;5;1;0;0;0;0;0;0;0;0;0;0;0;0;255;255;0;0;2;0;0x09;
1747984637;23.05.2025 07:17:17;01;21;0,0;0,0;28,6;0,0000;0;144,0;-0,5;1,0;144,0;-0,5;1,0;0;0;0;0;0;0;0;0;0;0;0;0;0;0;0;0;0;0;47;243;255;255;159;9;0;0;66;6;0;0;1;0;4;0;5;1;0;0;0;0;0;0;0;0;0;0;0;0;255;255;0;0;2;0;0x09;
1747984657;23.05.2025 07:17:37;01;21;0,0;0,0;28,6;0,0000;0;144,0;-0,5;1,0;144,0;-0,5;1,0;0;0;0;0;0;0;0;0;0;0;0;0;0;0;0;0;0;0;47;243;255;255;159;9;0;0;66;6;0;0;1;0;4;0;5;1;0;0;0;0;0;0;0;0;0;0;0;0;255;255;0;0;2;0;0x09;
1747984677;23.05.2025 07:17:57;01;21;0,0;0,0;28,6;0,0000;0;144,0;-0,5;1,0;144,0;-0,5;1,0;0;0;0;0;0;0;0;0;0;0;0;0;0;0;0;0;0;0;47;243;255;255;159;9;0;0;66;6;0;0;1;0;4;0;5;1;0;0;0;0;0;0;0;0;0;0;0;0;255;255;0;0;2;0;0x09;
1747984697;23.05.2025 07:18:17;01;21;0,0;0,0;28,6;0,0000;0;144,0;-0,5;1,0;144,0;-0,5;1,0;0;0;0;0;0;0;0;0;0;0;0;0;0;0;0;0;0;0;47;243;255;255;159;9;0;0;66;6;0;0;1;0;4;0;5;1;0;0;0;0;0;0;0;0;0;0;0;0;255;255;0;0;2;0;0x09;
1747984717;23.05.2025 07:18:37;01;21;0,0;0,0;28,6;0,0000;0;144,0;-0,5;1,0;144,0;-0,5;1,0;0;0;0;0;0;0;0;0;0;0;0;0;0;0;0;0;0;0;47;243;255;255;159;9;0;0;66;6;0;0;1;0;4;0;5;1;0;0;0;0;0;0;0;0;0;0;0;0;255;255;0;0;2;0;0x09;
1747984738;23.05.2025 07:18:58;01;21;0,0;0,0;28,6;0,0000;0;144,0;-0,5;1,0;144,0;-0,5;1,0;0;0;0;0;0;0;0;0;0;0;0;0;0;0;0;0;0;0;47;243;255;255;159;9;0;0;66;6;0;0;1;0;4;0;5;1;0;0;0;0;0;0;0;0;0;0;0;0;255;255;0;0;2;0;0x09;
1747984759;23.05.2025 07:19:19;01;21;0,0;0,0;28,6;0,0000;0;144,0;-0,5;1,0;144,0;-0,5;1,0;0;0;0;0;0;0;0;0;0;0;0;0;0;0;0;0;0;0;47;243;255;255;159;9;0;0;66;6;0;0;1;0;4;0;5;1;0;0;0;0;0;0;0;0;0;0;0;0;255;255;0;0;2;0;0x09;
1747984779;23.05.2025 07:19:39;01;21;0,0;0,0;28,6;0,0000;0;144,0;-0,5;1,0;144,0;-0,5;1,0;0;0;0;0;0;0;0;0;0;0;0;0;0;0;0;0;0;0;47;243;255;255;159;9;0;0;66;6;0;0;1;0;4;0;5;1;0;0;0;0;0;0;0;0;0;0;0;0;255;255;0;0;2;0;0x09;
1747984799;23.05.2025 07:19:59;01;21;0,0;0,0;28,6;0,0000;0;144,0;-0,5;1,0;144,0;-0,5;1,0;0;0;0;0;0;0;0;0;0;0;0;0;0;0;0;0;0;0;47;243;255;255;159;9;0;0;66;6;0;0;1;0;4;0;5;1;0;0;0;0;0;0;0;0;0;0;0;0;255;255;0;0;2;0;0x09;
1747984819;23.05.2025 07:20:19;01;21;0,0;0,0;28,6;0,0000;0;144,0;-0,5;1,0;144,0;-0,5;1,0;0;0;0;0;0;0;0;0;0;0;0;0;0;0;0;0;0;0;47;243;255;255;159;9;0;0;66;6;0;0;1;0;4;0;5;1;0;0;0;0;0;0;0;0;0;0;0;0;255;255;0;0;2;0;0x09;
1747984839;23.05.2025 07:20:39;01;21;0,0;0,0;28,6;0,0000;0;144,0;-0,5;1,0;144,0;-0,5;1,0;0;0;0;0;0;0;0;0;0;0;0;0;0;0;0;0;0;0;47;243;255;255;159;9;0;0;66;6;0;0;1;0;4;0;5;1;0;0;0;0;0;0;0;0;0;0;0;0;255;255;0;0;2;0;0x09;
1747984859;23.05.2025 07:20:59;01;21;0,0;0,0;28,6;0,0000;0;144,0;-0,5;1,0;144,0;-0,5;1,0;0;0;0;0;0;0;0;0;0;0;0;0;0;0;0;0;0;0;47;243;255;255;159;9;0;0;66;6;0;0;1;0;4;0;5;1;0;0;0;0;0;0;0;0;0;0;0;0;255;255;0;0;2;0;0x09;
1747984879;23.05.2025 07:21:19;01;21;0,0;0,0;28,6;0,0000;0;144,0;-0,5;1,0;144,0;-0,5;1,0;0;0;0;0;0;0;0;0;0;0;0;0;0;0;0;0;0;0;47;243;255;255;159;9;0;0;66;6;0;0;1;0;4;0;5;1;0;0;0;0;0;0;0;0;0;0;0;0;255;255;0;0;2;0;0x09;
1747984899;23.05.2025 07:21:39;01;21;0,0;0,0;28,6;0,0000;0;144,0;-0,5;1,0;144,0;-0,5;1,0;0;0;0;0;0;0;0;0;0;0;0;0;0;0;0;0;0;0;47;243;255;255;159;9;0;0;66;6;0;0;1;0;4;0;5;1;0;0;0;0;0;0;0;0;0;0;0;0;255;255;0;0;2;0;0x09;
1747984919;23.05.2025 07:21:59;01;21;0,0;0,0;28,6;0,0000;0;144,0;-0,5;1,0;144,0;-0,5;1,0;0;0;0;0;0;0;0;0;0;0;0;0;0;0;0;0;0;0;47;243;255;255;159;9;0;0;66;6;0;0;1;0;4;0;5;1;0;0;0;0;0;0;0;0;0;0;0;0;255;255;0;0;2;0;0x09;
1747984939;23.05.2025 07:22:19;01;21;0,0;0,0;28,6;0,0000;0;144,0;-0,5;1,0;144,0;-0,5;1,0;0;0;0;0;0;0;0;0;0;0;0;0;0;0;0;0;0;0;47;243;255;255;159;9;0;0;66;6;0;0;1;0;4;0;5;1;0;0;0;0;0;0;0;0;0;0;0;0;255;255;0;0;2;0;0x09;
1747984959;23.05.2025 07:22:39;01;21;0,0;0,0;28,6;0,0000;0;144,0;-0,5;1,0;144,0;-0,5;1,0;0;0;0;0;0;0;0;0;0;0;0;0;0;0;0;0;0;0;47;243;255;255;159;9;0;0;66;6;0;0;1;0;4;0;5;1;0;0;0;0;0;0;0;0;0;0;0;0;255;255;0;0;2;0;0x09;
1747984979;23.05.2025 07:22:59;01;21;0,0;0,0;28,6;0,0000;0;144,0;-0,5;1,0;144,0;-0,5;1,0;0;0;0;0;0;0;0;0;0;0;0;0;0;0;0;0;0;0;47;243;255;255;159;9;0;0;66;6;0;0;1;0;4;0;5;1;0;0;0;0;0;0;0;0;0;0;0;0;255;255;0;0;2;0;0x09;
1747984985;23.05.2025 07:23:05;01;21;0,0;0,0;28,6;0,0000;0;144,0;-0,5;1,0;144,0;-0,5;1,0;0;0;0;0;0;0;0;0;0;0;0;0;0;0;0;0;0;0;47;243;255;255;159;9;0;0;66;6;0;0;1;0;4;0;5;1;0;0;0;0;0;0;0;0;0;0;0;0;255;255;0;0;2;0;0x09;
1747984995;23.05.2025 07:23:15;00;22;0,0;0,0;28,6;0,0000;0;144,0;-0,5;1,0;144,0;-0,5;1,0;0;0;0;0;0;0;0;0;0;0;0;0;0;0;0;0;0;0;47;243;255;255;159;9;0;0;66;6;0;0;1;0;4;0;5;1;0;0;0;0;0;0;0;0;0;0;0;0;255;255;0;0;2;0;0x09;
1747985015;23.05.2025 07:23:35;00;22;0,0;0,0;28,6;0,0000;0;66,0;-0,1;0,6;66,0;-0,1;0,6;0;0;0;0;0;0;0;0;0;0;0;0;0;0;0;0;0;0;218;0;0;0;239;1;0;0;71;6;0;0;253;255;2;0;5;1;35;245;255;255;155;10;0;0;0;0;0;0;255;255;0;0;2;0;0x09;
1747985035;23.05.2025 07:23:55;00;22;0,0;0,0;28,6;0,0000;0;66,0;-0,1;0,8;66,0;-0,1;0,8;0;0;0;0;0;0;0;0;0;0;0;0;0;0;0;0;0;0;217;0;0;0;239;1;0;0;72;6;0;0;254;255;1;0;4;1;35;245;255;255;155;10;0;0;0;0;0;0;255;255;0;0;2;0;0x09;
1747985055;23.05.2025 07:24:15;00;22;0,0;0,0;28,6;0,0000;0;66,0;-0,2;0,8;66,0;-0,2;0,8;0;0;0;0;0;0;0;0;0;0;0;0;0;0;0;0;0;0;218;0;0;0;239;1;0;0;65;6;0;0;3;0;4;0;8;1;35;245;255;255;155;10;0;0;0;0;0;0;255;255;0;0;2;0;0x09;
1747985075;23.05.2025 07:24:35;00;22;0,0;0,0;28,6;0,0000;0;66,0;-0,2;0,8;66,0;-0,2;0,8;0;0;0;0;0;0;0;0;0;0;0;0;0;0;0;0;0;0;218;0;0;0;238;1;0;0;72;6;0;0;3;0;5;0;7;1;35;245;255;255;155;10;0;0;0;0;0;0;255;255;0;0;2;0;0x09;
1747985096;23.05.2025 07:24:56;00;22;0,0;0,0;28,6;0,0000;0;65,0;-0,1;0,7;65,0;-0,1;0,7;0;0;0;0;0;0;0;0;0;0;0;0;0;0;0;0;0;0;220;0;0;0;238;1;0;0;73;6;0;0;254;255;2;0;4;1;35;245;255;255;155;10;0;0;0;0;0;0;255;255;0;0;2;0;0x09;
1747985116;23.05.2025 07:25:16;00;22;0,0;0,0;28,6;0,0000;0;65,0;0,0;0,8;65,0;0,0;0,8;0;0;0;0;0;0;0;0;0;0;0;0;0;0;0;0;0;0;222;0;0;0;238;1;0;0;74;6;0;0;254;255;1;0;5;1;35;245;255;255;155;10;0;0;0;0;0;0;255;255;0;0;2;0;0x09;
1747985136;23.05.2025 07:25:36;00;22;0,0;0,0;28,6;0,0000;0;65,0;-0,1;0,7;65,0;-0,1;0,7;0;0;0;0;0;0;0;0;0;0;0;0;0;0;0;0;0;0;222;0;0;0;240;1;0;0;74;6;0;0;254;255;2;0;5;1;35;245;255;255;155;10;0;0;0;0;0;0;255;255;0;0;2;0;0x09;
1747985156;23.05.2025 07:25:56;00;22;0,0;0,0;28,6;0,0000;0;66,0;-0,2;0,8;66,0;-0,2;0,8;0;0;0;0;0;0;0;0;0;0;0;0;0;0;0;0;0;0;220;0;0;0;241;1;0;0;72;6;0;0;3;0;5;0;8;1;35;245;255;255;155;10;0;0;0;0;0;0;255;255;0;0;2;0;0x09;
1747985176;23.05.2025 07:26:16;00;22;0,0;0,0;28,6;0,0000;0;66,0;-0,2;0,8;66,0;-0,2;0,8;0;0;0;0;0;0;0;0;0;0;0;0;0;0;0;0;0;0;219;0;0;0;241;1;0;0;66;6;0;0;2;0;4;0;7;1;35;245;255;255;155;10;0;0;0;0;0;0;255;255;0;0;2;0;0x09;
1747985196;23.05.2025 07:26:36;00;22;0,0;0,0;28,6;0,0000;0;66,0;-0,1;0,7;66,0;-0,1;0,7;0;0;0;0;0;0;0;0;0;0;0;0;0;0;0;0;0;0;219;0;0;0;240;1;0;0;75;6;0;0;254;255;2;0;5;1;35;245;255;255;155;10;0;0;0;0;0;0;255;255;0;0;2;0;0x09;
1747985216;23.05.2025 07:26:56;00;22;0,0;0,0;28,6;0,0000;0;66,0;-0,1;0,8;66,0;-0,1;0,8;0;0;0;0;0;0;0;0;0;0;0;0;0;0;0;0;0;0;218;0;0;0;241;1;0;0;73;6;0;0;2;0;4;0;8;1;35;245;255;255;155;10;0;0;0;0;0;0;255;255;0;0;2;0;0x09;
1747985236;23.05.2025 07:27:16;00;22;0,0;0,0;28,6;0,0000;0;66,0;-0,1;0,7;66,0;-0,1;0,7;0;0;0;0;0;0;0;0;0;0;0;0;0;0;0;0;0;0;219;0;0;0;239;1;0;0;74;6;0;0;253;255;2;0;6;1;35;245;255;255;155;10;0;0;0;0;0;0;255;255;0;0;2;0;0x09;
1747985256;23.05.2025 07:27:36;00;22;0,0;0,0;28,6;0,0000;0;139,0;-0,5;0,7;139,0;-0,5;0,7;0;0;0;0;0;0;0;0;0;0;0;0;0;0;0;0;0;0;100;254;255;255;132;1;0;0;60;6;0;0;3;0;4;0;9;1;35;245;255;255;155;10;0;0;0;0;0;0;255;255;0;0;2;0;0x09;
1747985276;23.05.2025 07:27:56;00;22;0,0;0,0;28,6;0,0000;0;139,0;-0,5;0,7;139,0;-0,5;0,7;0;0;0;0;0;0;0;0;0;0;0;0;0;0;0;0;0;0;103;254;255;255;131;1;0;0;61;6;0;0;4;0;5;0;8;1;35;245;255;255;155;10;0;0;0;0;0;0;255;255;0;0;2;0;0x09;
1747985282;23.05.2025 07:28:02;00;22;0,0;0,0;28,6;0,0000;0;139,0;-0,5;0,6;139,0;-0,5;0,6;0;0;0;0;0;0;0;0;0;0;0;0;0;0;0;0;0;0;102;254;255;255;131;1;0;0;60;6;0;0;255;255;2;0;6;1;35;245;255;255;155;10;0;0;0;0;0;0;255;255;0;0;2;0;0x09;
1747985292;23.05.2025 07:28:12;00;23;0,0;0,0;28,6;0,0000;0;139,0;-0,5;0,6;139,0;-0,5;0,6;0;0;0;0;0;0;0;0;0;0;0;0;0;0;0;0;0;0;102;254;255;255;131;1;0;0;60;6;0;0;255;255;2;0;6;1;35;245;255;255;155;10;0;0;0;0;0;0;255;255;0;0;2;0;0x09;
1747985312;23.05.2025 07:28:32;01;23;0,0;0,0;28,6;0,0000;0;139,0;-0,5;0,6;139,0;-0,5;0,6;0;0;0;0;0;0;0;0;0;0;0;0;0;0;0;0;0;0;102;254;255;255;131;1;0;0;60;6;0;0;255;255;2;0;6;1;35;245;255;255;155;10;0;0;0;0;0;0;255;255;0;0;2;0;0x09;
1747985317;23.05.2025 07:28:37;01;23;0,0;0,0;28,6;0,0000;0;139,0;-0,5;0,6;139,0;-0,5;0,6;0;0;0;0;0;0;0;0;0;0;0;0;0;0;0;0;0;0;102;254;255;255;131;1;0;0;60;6;0;0;255;255;2;0;6;1;35;245;255;255;155;10;0;0;0;0;0;0;255;255;0;0;2;0;0x09;
1747985328;23.05.2025 07:28:48;00;24;0,0;0,0;28,6;0,0000;0;139,0;-0,5;0,6;139,0;-0,5;0,6;0;0;0;0;0;0;0;0;0;0;0;0;0;0;0;0;0;0;102;254;255;255;131;1;0;0;60;6;0;0;255;255;2;0;6;1;35;245;255;255;155;10;0;0;0;0;0;0;255;255;0;0;2;0;0x09;
1747985348;23.05.2025 07:29:08;00;24;0,0;0,0;28,6;0,0000;0;140,0;-0,5;0,9;140,0;-0,5;0,9;0;0;0;0;0;0;0;0;0;0;0;0;0;0;0;0;0;0;101;254;255;255;131;1;0;0;64;6;0;0;4;0;4;0;8;1;35;245;255;255;155;10;0;0;0;0;0;0;255;255;0;0;2;0;0x09;
1747985368;23.05.2025 07:29:28;00;24;0,0;0,0;28,6;0,0000;0;139,0;-0,2;0,7;139,0;-0,2;0,7;0;0;0;0;0;0;0;0;0;0;0;0;0;0;0;0;0;0;102;254;255;255;131;1;0;0;62;6;0;0;255;255;2;0;5;1;35;245;255;255;155;10;0;0;0;0;0;0;255;255;0;0;2;0;0x09;
1747985388;23.05.2025 07:29:48;00;24;0,0;0,0;28,6;0,0000;0;139,0;-0,3;0,7;139,0;-0,3;0,7;0;0;0;0;0;0;0;0;0;0;0;0;0;0;0;0;0;0;103;254;255;255;129;1;0;0;63;6;0;0;3;0;5;0;8;1;35;245;255;255;155;10;0;0;0;0;0;0;255;255;0;0;2;0;0x09;
1747985408;23.05.2025 07:30:08;00;24;0,0;0,0;28,6;0,0000;0;139,0;-0,5;0,7;139,0;-0,5;0,7;0;0;0;0;0;0;0;0;0;0;0;0;0;0;0;0;0;0;100;254;255;255;132;1;0;0;62;6;0;0;4;0;5;0;7;1;35;245;255;255;155;10;0;0;0;0;0;0;255;255;0;0;2;0;0x09;
1747985428;23.05.2025 07:30:28;00;24;0,0;0,0;28,6;0,0000;0;139,0;-0,5;0,6;139,0;-0,5;0,6;0;0;0;0;0;0;0;0;0;0;0;0;0;0;0;0;0;0;102;254;255;255;130;1;0;0;62;6;0;0;4;0;4;0;7;1;35;245;255;255;155;10;0;0;0;0;0;0;255;255;0;0;2;0;0x09;
1747985448;23.05.2025 07:30:48;00;24;0,0;0,0;28,6;0,0000;0;139,0;-0,5;0,7;139,0;-0,5;0,7;0;0;0;0;0;0;0;0;0;0;0;0;0;0;0;0;0;0;102;254;255;255;130;1;0;0;63;6;0;0;4;0;4;0;8;1;35;245;255;255;155;10;0;0;0;0;0;0;255;255;0;0;2;0;0x09;
1747985468;23.05.2025 07:31:08;00;24;0,0;0,0;28,6;0,0000;0;139,0;-0,5;0,6;139,0;-0,5;0,6;0;0;0;0;0;0;0;0;0;0;0;0;0;0;0;0;0;0;102;254;255;255;131;1;0;0;61;6;0;0;3;0;5;0;8;1;35;245;255;255;155;10;0;0;0;0;0;0;255;255;0;0;2;0;0x09;
1747985488;23.05.2025 07:31:28;00;24;0,0;0,0;28,6;0,0000;0;139,0;-0,2;0,7;139,0;-0,2;0,7;0;0;0;0;0;0;0;0;0;0;0;0;0;0;0;0;0;0;102;254;255;255;131;1;0;0;61;6;0;0;3;0;5;0;8;1;35;245;255;255;155;10;0;0;0;0;0;0;255;255;0;0;2;0;0x09;
1747985508;23.05.2025 07:31:48;00;24;0,0;0,0;28,6;0,0000;0;139,0;-0,5;0,7;139,0;-0,5;0,7;0;0;0;0;0;0;0;0;0;0;0;0;0;0;0;0;0;0;102;254;255;255;128;1;0;0;63;6;0;0;4;0;4;0;9;1;35;245;255;255;155;10;0;0;0;0;0;0;255;255;0;0;2;0;0x09;
1747985529;23.05.2025 07:32:09;00;24;0,0;0,0;28,6;0,0000;1;137,0;0,0;-0,3;317,0;-179,7;0,0;0;0;0;0;0;0;0;0;0;0;0;0;0;0;0;0;0;0;126;254;255;255;126;254;255;255;61;18;0;0;2;0;3;0;8;255;35;245;255;255;155;10;0;0;0;0;0;0;255;255;0;0;2;0;0x09;
1747985549;23.05.2025 07:32:29;00;24;0,0;0,0;28,6;0,0000;1;137,0;-0,1;-0,5;317,0;-179,6;-0,1;0;0;0;0;0;0;0;0;0;0;0;0;0;0;0;0;0;0;129;254;255;255;126;254;255;255;61;18;0;0;2;0;4;0;8;255;35;245;255;255;155;10;0;0;0;0;0;0;255;255;0;0;2;0;0x09;
1747985569;23.05.2025 07:32:49;00;24;0,0;0,0;28,6;0,0000;1;137,0;-0,1;-0,5;317,0;-179,6;-0,1;0;0;0;0;0;0;0;0;0;0;0;0;0;0;0;0;0;0;138;254;255;255;127;254;255;255;33;18;0;0;2;0;3;0;8;255;35;245;255;255;155;10;0;0;0;0;0;0;255;255;0;0;2;0;0x09;
1747985589;23.05.2025 07:33:09;00;24;0,0;0,0;28,6;0,0000;1;135,0;-0,3;-0,4;315,0;-179,4;-0,1;0;0;0;0;0;0;0;0;0;0;0;0;0;0;0;0;0;0;137;254;255;255;126;254;255;255;39;18;0;0;3;0;3;0;8;255;35;245;255;255;155;10;0;0;0;0;0;0;255;255;0;0;2;0;0x09;
1747985595;23.05.2025 07:33:15;00;24;0,0;0,0;28,6;0,0000;1;136,0;-0,2;-0,4;316,0;-179,4;0,0;0;0;0;0;0;0;0;0;0;0;0;0;0;0;0;0;0;0;131;254;255;255;126;254;255;255;54;18;0;0;2;0;3;0;7;255;35;245;255;255;155;10;0;0;0;0;0;0;255;255;0;0;2;0;0x09;
1747985605;23.05.2025 07:33:25;00;25;0,0;0,0;28,6;0,0000;1;136,0;-0,2;-0,4;316,0;-179,4;0,0;0;0;0;0;0;0;0;0;0;0;0;0;0;0;0;0;0;0;131;254;255;255;126;254;255;255;54;18;0;0;2;0;3;0;7;255;35;245;255;255;155;10;0;0;0;0;0;0;255;255;0;0;2;0;0x09;
1747985625;23.05.2025 07:33:45;01;25;0,0;0,0;28,6;0,0000;1;136,0;-0,2;-0,4;316,0;-179,4;0,0;0;0;0;0;0;0;0;0;0;0;0;0;0;0;0;0;0;0;131;254;255;255;126;254;255;255;54;18;0;0;2;0;3;0;7;255;35;245;255;255;155;10;0;0;0;0;0;0;255;255;0;0;2;0;0x09;
1747985630;23.05.2025 07:33:50;01;25;0,0;0,0;28,6;0,0000;1;136,0;-0,2;-0,4;316,0;-179,4;0,0;0;0;0;0;0;0;0;0;0;0;0;0;0;0;0;0;0;0;131;254;255;255;126;254;255;255;54;18;0;0;2;0;3;0;7;255;35;245;255;255;155;10;0;0;0;0;0;0;255;255;0;0;2;0;0x09;
1747985640;23.05.2025 07:34:00;00;26;0,0;0,0;28,6;0,0000;1;136,0;-0,2;-0,4;316,0;-179,4;0,0;0;0;0;0;0;0;0;0;0;0;0;0;0;0;0;0;0;0;131;254;255;255;126;254;255;255;54;18;0;0;2;0;3;0;7;255;35;245;255;255;155;10;0;0;0;0;0;0;255;255;0;0;2;0;0x09;
1747985661;23.05.2025 07:34:21;00;30;0,0;0,0;28,6;0,0000;1;135,0;0,2;-0,3;315,0;179,9;-0,1;0;0;0;0;0;0;0;0;0;0;0;0;0;0;0;0;0;0;132;254;255;255;124;254;255;255;9;6;0;0;2;0;3;0;8;255;35;245;255;255;155;10;0;0;51;12;0;0;255;255;0;0;2;0;0x09;
1747985681;23.05.2025 07:34:41;00;30;0,0;0,0;28,6;0,0000;1;133,0;-1,2;-0,5;313,0;-178,5;-0,1;0;0;0;0;0;0;0;0;0;0;0;0;0;0;0;0;0;0;131;254;255;255;125;254;255;255;9;6;0;0;7;0;3;0;8;255;35;245;255;255;155;10;0;0;51;12;0;0;255;255;0;0;2;0;0x09;
1747985701;23.05.2025 07:35:01;00;30;0,0;0,0;28,6;0,0000;1;134,0;-1,0;-0,6;314,0;-178,7;-0,2;0;0;0;0;0;0;0;0;0;0;0;0;0;0;0;0;0;0;131;254;255;255;125;254;255;255;10;6;0;0;6;0;4;0;7;255;35;245;255;255;155;10;0;0;51;12;0;0;255;255;0;0;2;0;0x09;
1747985721;23.05.2025 07:35:21;00;30;0,0;0,0;28,6;0,0000;1;134,0;-0,8;-0,5;314,0;-179,1;-0,3;0;0;0;0;0;0;0;0;0;0;0;0;0;0;0;0;0;0;131;254;255;255;126;254;255;255;10;6;0;0;6;0;3;0;8;255;35;245;255;255;155;10;0;0;51;12;0;0;255;255;0;0;2;0;0x09;
1747985741;23.05.2025 07:35:41;00;30;0,0;0,0;28,6;0,0000;1;133,0;-1,0;-0,4;313,1;-178,8;-0,2;0;0;0;0;0;0;0;0;0;0;0;0;0;0;0;0;0;0;132;254;255;255;125;254;255;255;9;6;0;0;6;0;3;0;9;255;35;245;255;255;155;10;0;0;51;12;0;0;255;255;0;0;2;0;0x09;
1747985761;23.05.2025 07:36:01;00;30;0,0;0,0;28,6;0,0000;1;133,0;-1,0;-0,5;313,0;-178,7;-0,1;0;0;0;0;0;0;0;0;0;0;0;0;0;0;0;0;0;0;131;254;255;255;125;254;255;255;10;6;0;0;6;0;4;0;7;255;35;245;255;255;155;10;0;0;51;12;0;0;255;255;0;0;2;0;0x09;
1747985781;23.05.2025 07:36:21;00;30;0,0;0,0;28,6;0,0000;1;133,0;-1,0;-0,4;313,1;-178,8;-0,2;0;0;0;0;0;0;0;0;0;0;0;0;0;0;0;0;0;0;131;254;255;255;125;254;255;255;10;6;0;0;2;0;1;0;4;255;35;245;255;255;155;10;0;0;51;12;0;0;255;255;0;0;2;0;0x09;
1747985801;23.05.2025 07:36:41;00;30;0,0;0,0;28,6;0,0000;1;134,0;-0,7;-0,5;314,0;-179,1;-0,2;0;0;0;0;0;0;0;0;0;0;0;0;0;0;0;0;0;0;132;254;255;255;129;254;255;255;11;6;0;0;7;0;3;0;7;255;35;245;255;255;155;10;0;0;51;12;0;0;255;255;0;0;2;0;0x09;
1747985821;23.05.2025 07:37:01;00;30;0,0;0,0;28,6;0,0000;0;149,0;-1,5;1,0;149,0;-1,5;1,0;0;0;0;0;0;0;0;0;0;0;0;0;0;0;0;0;0;0;7;254;255;255;255;0;0;0;4;250;255;255;4;0;2;0;5;1;35;245;255;255;155;10;0;0;51;12;0;0;255;255;0;0;2;0;0x09;
1747985841;23.05.2025 07:37:21;00;30;0,0;0,0;28,6;0,0000;0;150,0;-1,4;0,9;150,0;-1,4;0,9;0;0;0;0;0;0;0;0;0;0;0;0;0;0;0;0;0;0;3;254;255;255;251;0;0;0;254;249;255;255;8;0;6;0;8;1;35;245;255;255;155;10;0;0;51;12;0;0;255;255;0;0;2;0;0x09;
1747985861;23.05.2025 07:37:41;00;30;0,0;0,0;28,6;0,0000;0;149,0;-1,4;0,9;149,0;-1,4;0,9;0;0;0;0;0;0;0;0;0;0;0;0;0;0;0;0;0;0;11;254;255;255;253;0;0;0;251;249;255;255;4;0;1;0;3;1;35;245;255;255;155;10;0;0;51;12;0;0;255;255;0;0;2;0;0x09;
1747985881;23.05.2025 07:38:01;00;30;0,0;0,0;28,6;0,0000;0;149,0;-1,5;0,9;149,0;-1,5;0,9;0;0;0;0;0;0;0;0;0;0;0;0;0;0;0;0;0;0;7;254;255;255;0;1;0;0;4;250;255;255;3;0;2;0;5;1;35;245;255;255;155;10;0;0;51;12;0;0;255;255;0;0;2;0;0x09;
1747985902;23.05.2025 07:38:22;00;30;0,0;0,0;28,6;0,0000;0;149,0;-1,5;0,9;149,0;-1,5;0,9;0;0;0;0;0;0;0;0;0;0;0;0;0;0;0;0;0;0;6;254;255;255;0;1;0;0;4;250;255;255;8;0;5;0;8;1;35;245;255;255;155;10;0;0;51;12;0;0;255;255;0;0;2;0;0x09;
1747985922;23.05.2025 07:38:42;00;30;0,0;0,0;28,6;0,0000;0;149,0;-1,6;1,0;149,0;-1,6;1,0;0;0;0;0;0;0;0;0;0;0;0;0;0;0;0;0;0;0;9;254;255;255;255;0;0;0;254;249;255;255;3;0;2;0;4;1;35;245;255;255;155;10;0;0;51;12;0;0;255;255;0;0;2;0;0x09;
1747985942;23.05.2025 07:39:02;00;30;0,0;0,0;28,6;0,0000;0;150,0;-1,4;0,7;150,0;-1,4;0,7;0;0;0;0;0;0;0;0;0;0;0;0;0;0;0;0;0;0;8;254;255;255;253;0;0;0;5;250;255;255;3;0;2;0;4;1;35;245;255;255;155;10;0;0;51;12;0;0;255;255;0;0;2;0;0x09;
1747985962;23.05.2025 07:39:22;00;30;0,0;0,0;28,6;0,0000;0;247,0;-1,4;1,1;247,0;-1,4;1,1;0;0;0;0;0;0;0;0;0;0;0;0;0;0;0;0;0;0;23;255;255;255;34;254;255;255;23;250;255;255;7;0;7;0;8;1;35;245;255;255;155;10;0;0;51;12;0;0;255;255;0;0;2;0;0x09;
1747985982;23.05.2025 07:39:42;00;30;0,0;0,0;28,6;0,0000;0;247,0;-1,5;1,3;247,0;-1,5;1,3;0;0;0;0;0;0;0;0;0;0;0;0;0;0;0;0;0;0;24;255;255;255;34;254;255;255;25;250;255;255;8;0;6;0;8;1;35;245;255;255;155;10;0;0;51;12;0;0;255;255;0;0;2;0;0x09;
1747986002;23.05.2025 07:40:02;00;30;0,0;0,0;28,6;0,0000;0;246,0;-1,4;1,5;246,0;-1,4;1,5;0;0;0;0;0;0;0;0;0;0;0;0;0;0;0;0;0;0;23;255;255;255;35;254;255;255;25;250;255;255;8;0;7;0;8;1;35;245;255;255;155;10;0;0;51;12;0;0;255;255;0;0;2;0;0x09;
1747986023;23.05.2025 07:40:23;00;30;0,0;0,0;28,6;0,0000;0;247,0;-1,5;1,3;247,0;-1,5;1,3;0;0;0;0;0;0;0;0;0;0;0;0;0;0;0;0;0;0;23;255;255;255;34;254;255;255;23;250;255;255;8;0;7;0;8;1;35;245;255;255;155;10;0;0;51;12;0;0;255;255;0;0;2;0;0x09;
1747986043;23.05.2025 07:40:43;00;30;0,0;0,0;28,6;0,0000;0;246,0;-1,4;1,0;246,0;-1,4;1,0;0;0;0;0;0;0;0;0;0;0;0;0;0;0;0;0;0;0;18;255;255;255;35;254;255;255;21;250;255;255;2;0;3;0;4;1;35;245;255;255;155;10;0;0;51;12;0;0;255;255;0;0;2;0;0x09;
1747986063;23.05.2025 07:41:03;00;30;0,0;0,0;28,6;0,0000;0;339,0;-0,9;1,0;339,0;-0,9;1,0;0;0;0;0;0;0;0;0;0;0;0;0;0;0;0;0;0;0;8;2;0;0;21;255;255;255;38;250;255;255;6;0;7;0;8;1;35;245;255;255;155;10;0;0;51;12;0;0;255;255;0;0;2;0;0x09;
1747986083;23.05.2025 07:41:23;00;30;0,0;0,0;28,6;0,0000;0;339,0;-0,9;0,9;339,0;-0,9;0,9;0;0;0;0;0;0;0;0;0;0;0;0;0;0;0;0;0;0;9;2;0;0;21;255;255;255;33;250;255;255;7;0;6;0;8;1;35;245;255;255;155;10;0;0;51;12;0;0;255;255;0;0;2;0;0x09;
1747986103;23.05.2025 07:41:43;00;30;0,0;0,0;28,6;0,0000;0;340,0;-1,1;1,4;340,0;-1,1;1,4;0;0;0;0;0;0;0;0;0;0;0;0;0;0;0;0;0;0;9;2;0;0;21;255;255;255;38;250;255;255;5;0;7;0;8;1;35;245;255;255;155;10;0;0;51;12;0;0;255;255;0;0;2;0;0x09;
1747986123;23.05.2025 07:42:03;00;30;0,0;0,0;28,6;0,0000;0;339,0;-1,0;0,9;339,0;-1,0;0,9;0;0;0;0;0;0;0;0;0;0;0;0;0;0;0;0;0;0;9;2;0;0;20;255;255;255;36;250;255;255;1;0;3;0;6;1;35;245;255;255;155;10;0;0;51;12;0;0;255;255;0;0;2;0;0x09;
1747986143;23.05.2025 07:42:23;00;30;0,0;0,0;28,6;0,0000;0;340,0;-1,1;1,4;340,0;-1,1;1,4;0;0;0;0;0;0;0;0;0;0;0;0;0;0;0;0;0;0;12;2;0;0;18;255;255;255;36;250;255;255;6;0;6;0;8;1;35;245;255;255;155;10;0;0;51;12;0;0;255;255;0;0;2;0;0x09;
1747986163;23.05.2025 07:42:43;00;30;0,0;0,0;28,6;0,0000;0;61,0;-1,0;0,7;61,0;-1,0;0,7;0;0;0;0;0;0;0;0;0;0;0;0;0;0;0;0;0;0;4;1;0;0;238;1;0;0;17;250;255;255;6;0;4;0;8;1;35;245;255;255;155;10;0;0;51;12;0;0;255;255;0;0;2;0;0x09;
1747986183;23.05.2025 07:43:03;00;30;0,0;0,0;28,6;0,0000;0;61,0;-0,8;0,7;61,0;-0,8;0,7;0;0;0;0;0;0;0;0;0;0;0;0;0;0;0;0;0;0;4;1;0;0;240;1;0;0;16;250;255;255;6;0;6;0;9;1;35;245;255;255;155;10;0;0;51;12;0;0;255;255;0;0;2;0;0x09;
1747986203;23.05.2025 07:43:23;00;30;0,0;0,0;28,6;0,0000;0;61,0;-1,2;0,7;61,0;-1,2;0,7;0;0;0;0;0;0;0;0;0;0;0;0;0;0;0;0;0;0;2;1;0;0;239;1;0;0;18;250;255;255;1;0;2;0;4;1;35;245;255;255;155;10;0;0;51;12;0;0;255;255;0;0;2;0;0x09;
1747986223;23.05.2025 07:43:43;00;30;0,0;0,0;28,6;0,0000;0;62,0;-0,8;0,7;62,0;-0,8;0,7;0;0;0;0;0;0;0;0;0;0;0;0;0;0;0;0;0;0;0;1;0;0;240;1;0;0;13;250;255;255;6;0;5;0;8;1;35;245;255;255;155;10;0;0;51;12;0;0;255;255;0;0;2;0;0x09;
1747986244;23.05.2025 07:44:04;00;30;0,0;0,0;28,6;0,0000;0;62,0;-1,1;1,0;62,0;-1,1;1,0;0;0;0;0;0;0;0;0;0;0;0;0;0;0;0;0;0;0;254;0;0;0;240;1;0;0;11;250;255;255;6;0;5;0;8;1;35;245;255;255;155;10;0;0;51;12;0;0;255;255;0;0;2;0;0x09;
1747986264;23.05.2025 07:44:24;00;30;0,0;0,0;28,6;0,0000;0;149,0;-1,4;0,9;149,0;-1,4;0,9;0;0;0;0;0;0;0;0;0;0;0;0;0;0;0;0;0;0;8;254;255;255;255;0;0;0;5;250;255;255;8;0;5;0;8;1;35;245;255;255;155;10;0;0;51;12;0;0;255;255;0;0;2;0;0x09;
1747986284;23.05.2025 07:44:44;00;30;0,0;0,0;28,6;0,0000;0;150,0;-1,2;0,7;150,0;-1,2;0,7;0;0;0;0;0;0;0;0;0;0;0;0;0;0;0;0;0;0;7;254;255;255;0;1;0;0;6;250;255;255;7;0;5;0;8;1;35;245;255;255;155;10;0;0;51;12;0;0;255;255;0;0;2;0;0x09;
1747986304;23.05.2025 07:45:04;00;30;0,0;0,0;28,6;0,0000;0;149,0;-1,4;1,0;149,0;-1,4;1,0;0;0;0;0;0;0;0;0;0;0;0;0;0;0;0;0;0;0;7;254;255;255;0;1;0;0;3;250;255;255;4;0;2;0;6;1;35;245;255;255;155;10;0;0;51;12;0;0;255;255;0;0;2;0;0x09;
1747986324;23.05.2025 07:45:24;00;30;0,0;0,0;28,6;0,0000;0;149,0;-1,4;0,9;149,0;-1,4;0,9;0;0;0;0;0;0;0;0;0;0;0;0;0;0;0;0;0;0;9;254;255;255;253;0;0;0;7;250;255;255;2;0;2;0;5;1;35;245;255;255;155;10;0;0;51;12;0;0;255;255;0;0;2;0;0x09;
1747986344;23.05.2025 07:45:44;00;30;0,0;0,0;28,6;0,0000;0;150,0;-1,4;1,0;150,0;-1,4;1,0;0;0;0;0;0;0;0;0;0;0;0;0;0;0;0;0;0;0;242;253;255;255;2;1;0;0;241;249;255;255;7;0;5;0;8;1;35;245;255;255;155;10;0;0;51;12;0;0;255;255;0;0;2;0;0x09;
1747986365;23.05.2025 07:46:05;00;30;0,0;0,0;28,6;0,0000;0;150,0;-1,4;0,8;150,0;-1,4;0,8;0;0;0;0;0;0;0;0;0;0;0;0;0;0;0;0;0;0;240;253;255;255;2;1;0;0;239;249;255;255;8;0;6;0;6;1;35;245;255;255;155;10;0;0;51;12;0;0;255;255;0;0;2;0;0x09;
1747986385;23.05.2025 07:46:25;00;30;0,0;0,0;28,6;0,0000;0;173,0;2,2;15,5;173,0;2,2;15,5;0;0;0;0;0;0;0;0;0;0;0;0;0;0;0;0;0;0;190;254;255;255;97;254;255;255;101;249;255;255;238;255;82;0;20;1;35;245;255;255;155;10;0;0;51;12;0;0;255;255;0;0;2;0;0x09;
1747986405;23.05.2025 07:46:45;00;30;0,0;0,0;28,6;0,0000;0;58,0;-1,5;1,1;58,0;-1,5;1,1;0;0;0;0;0;0;0;0;0;0;0;0;0;0;0;0;0;0;84;1;0;0;77;2;0;0;218;247;255;255;7;0;3;0;7;1;35;245;255;255;155;10;0;0;51;12;0;0;255;255;0;0;2;0;0x09;
1747986425;23.05.2025 07:47:05;00;30;0,0;0,0;28,6;0,0000;0;47,0;-1,2;1,6;47,0;-1,2;1,6;0;0;0;0;0;0;0;0;0;0;0;0;0;0;0;0;0;0;32;4;0;0;97;4;0;0;184;247;255;255;4;0;5;0;5;1;35;245;255;255;155;10;0;0;51;12;0;0;255;255;0;0;2;0;0x09;
1747986445;23.05.2025 07:47:25;00;30;0,0;0,0;28,6;0,0000;0;40,0;-2,2;1,0;40,0;-2,2;1,0;0;0;0;0;0;0;0;0;0;0;0;0;0;0;0;0;0;0;236;1;0;0;185;1;0;0;237;247;255;255;13;0;8;0;8;1;35;245;255;255;155;10;0;0;51;12;0;0;255;255;0;0;2;0;0x09;
